s_no,game_datetime,year,homeTeam,awayTeam,homeScore,awayScore,feature_cutoff_datetime,park_factor,park_factor_source,home_sp_fip,home_sp_source,home_sp_missing,home_bat_obp,home_bat_slg,home_bat_iso,home_bat_bb_rate,home_bat_k_rate,home_bat_linear,home_bat_source,home_bat_missing,home_rp_fip,home_rp_era,home_rp_k_bb,home_bullpen_candidate_count,home_rp_source,home_rp_missing,home_rp_ip_1d,home_rp_np_1d,home_rp_ip_3d,home_rp_np_3d,home_rp_ip_last10,home_rp_np_last10,away_sp_fip,away_sp_source,away_sp_missing,away_bat_obp,away_bat_slg,away_bat_iso,away_bat_bb_rate,away_bat_k_rate,away_bat_linear,away_bat_source,away_bat_missing,away_rp_fip,away_rp_era,away_rp_k_bb,away_bullpen_candidate_count,away_rp_source,away_rp_missing,away_rp_ip_1d,away_rp_np_1d,away_rp_ip_3d,away_rp_np_3d,away_rp_ip_last10,away_rp_np_last10,sp_fip_diff,rp_fip_diff,rp_era_diff,rp_k_bb_diff,bat_obp_diff,bat_slg_diff,bat_iso_diff,bat_bb_rate_diff,bat_k_rate_diff,bat_linear_diff
2023001,2023-04-01T09:00:00,2023,TEAM_04,TEAM_05,3,5,2023-04-01T06:00:00,0.979655681793803,synthetic,3.935320782331241,synthetic,False,0.32180015893759506,0.41050812152451627,0.08870796258692121,0.09384338829834729,0.17758757773615394,0.31837260370718984,synthetic,False,3.7044551232844207,4.20474414110855,2.5249596527487137,9,synthetic,False,3.4793979748628288,55.44467096686317,7.632061395122432,156.94447741600902,28.337546711260227,350.5530652837571,3.6532502195431,synthetic,False,0.32981117399171006,0.42481210542353093,0.09500093143182087,0.09110044453408249,0.19478165163745687,0.33343658725103675,synthetic,False,3.6397676138990147,4.347889468535911,2.5815016533510677,7,synthetic,False,2.2478664495117706,51.51694696885358,8.230888128728157,134.79471095947565,28.154105015039413,575.6235700652846,-0.282070562788141,-0.06468750938540602,0.1431453274273604,-0.05654200060235404,-0.008011015054115,-0.01430398389901466,-0.00629296884489966,0.002742943764264802,-0.017194073901302925,-0.015063983543846915
2023002,2023-04-02T09:00:00,2023,TEAM_05,TEAM_02,5,4,2023-04-02T06:00:00,0.9884412051833859,synthetic,3.722474238321139,synthetic,False,0.35068972292720896,0.4069489457622123,0.05625922283500334,0.08635906113822484,0.1871062254117051,0.3432041597562727,synthetic,False,3.9726481969561753,4.180138959921205,2.5103470878133916,7,synthetic,False,2.716685809140728,46.49901754766421,9.24285755589638,128.93146201201515,29.394567815359473,420.06843021166685,4.530953431633196,synthetic,False,0.3241128822583854,0.34677119524259803,0.022658312984212614,0.07988197270185621,0.20335552814848645,0.31812917835728155,synthetic,False,4.310280537939164,4.543700212070661,1.910250665292027,9,synthetic,False,3.568278354591481,16.074083654147124,6.830229940028451,127.04534501825518,28.93111165679639,468.3419934844641,0.8084791933120572,0.33763234098298867,0.3635612521494558,0.6000964225213645,0.026576840668823543,0.06017775051961427,0.03360090985079073,0.006477088436368628,-0.01624930273678135,0.02507498139899117
2023003,2023-04-03T09:00:00,2023,TEAM_01,TEAM_04,3,5,2023-04-03T06:00:00,1.0324807074446516,synthetic,4.990233246752003,synthetic,False,0.30868695675118385,0.3380376461799174,0.029350689428733534,0.07180027671597912,0.20196657256798067,0.29406679495694876,synthetic,False,4.814290186013442,4.929849007624699,1.8618242060990398,8,synthetic,False,3.225590393967337,38.050455364476186,8.413550475114823,101.48029582693381,24.184730767174642,386.3696579501253,3.515164899235069,synthetic,False,0.3370697248078558,0.388550757876351,0.05148103306849522,0.08827496471236612,0.20676895990687089,0.32142120321686807,synthetic,False,4.141632794007486,4.392884788140475,2.403010506386754,9,synthetic,False,2.520281789093601,16.002649056671522,4.605775055153826,80.99631201701352,21.013765861992592,444.98306700425775,-1.4750683475169337,-0.6726573920059558,-0.5369642194842239,-0.5411863002877142,-0.028382768056671948,-0.05051311169643363,-0.022130343639761685,-0.016474687996387002,-0.004802387338890213,-0.027354408259919305
2023004,2023-04-04T09:00:00,2023,TEAM_02,TEAM_01,5,1,2023-04-04T06:00:00,0.9746105229698114,synthetic,4.350246088102801,synthetic,False,0.32517515568467087,0.3561948817598222,0.031019726075151355,0.08056737465279423,0.197599735341073,0.27301751407530717,synthetic,False,4.385241731024859,4.934107848110089,2.300327093063757,9,synthetic,False,2.0058500443032057,19.863074329784727,7.644259015427739,105.58572601902212,27.16338105677352,416.6389109142582,5.198498089569856,synthetic,False,0.30820644372526973,0.3425770451328064,0.03437060140753667,0.0796756538097379,0.21563996020766119,0.2893961948280931,synthetic,False,5.02979689381011,5.172288936070103,2.4289908673658687,8,synthetic,False,1.4112369456771492,32.763975476004035,5.64684811718895,109.91589610217119,19.116569262218455,462.6363210110803,0.8482520014670554,0.6445551627852506,0.23818108796001436,-0.12866377430211173,0.01696871195940114,0.013617836627015822,-0.003350875332385317,0.0008917208430563317,-0.018040224866588184,-0.016378680752785924
2023005,2023-04-05T09:00:00,2023,TEAM_03,TEAM_02,7,4,2023-04-05T06:00:00,0.9989809368466142,synthetic,4.237783877286055,synthetic,False,0.33338126567894383,0.4209411560504522,0.08755989037150835,0.10248317479604399,0.20997291319931194,0.3137479604728137,synthetic,False,4.002615469992034,3.653783801744042,2.1061176714069023,8,synthetic,False,1.987903200940192,40.74734581733784,9.631960461575288,126.86850559080568,25.206825814806557,337.3259685380641,3.98108877548278,synthetic,False,0.3129369209092667,0.37203191408527025,0.05909499317600353,0.0924075794814793,0.21056329425767462,0.2806107872701617,synthetic,False,4.7156848777557645,4.4652465405112975,1.8804649713302883,8,synthetic,False,1.8747739354642468,77.05551571896262,5.857226641551228,147.9931653158267,21.48536410956487,484.8679759655683,-0.2566951018032748,0.7130694077637303,0.8114627387672555,0.22565270007661398,0.020444344769677103,0.04890924196518193,0.028464897195504824,0.010075595314564686,-0.0005903810583626767,0.033137173202652026
2023006,2023-04-06T09:00:00,2023,TEAM_04,TEAM_05,3,2,2023-04-06T06:00:00,1.0160984698319215,synthetic,3.666659445279771,synthetic,False,0.3366607220148208,0.38881029735386596,0.052149575339045184,0.08084636541739651,0.18566474910816455,0.3250398825900281,synthetic,False,4.07314697943053,4.712681939743653,2.4944085021670355,6,synthetic,False,3.9060017417068247,46.5101200218217,6.678145538332526,156.29495001185654,28.143782192308066,530.1816993996994,3.601305642422134,synthetic,False,0.32715530968279505,0.38437313441357807,0.05721782473078302,0.1013055675933875,0.21768398864939956,0.3560602200913908,synthetic,False,3.7651201966793497,3.785884437602405,2.3778862953869537,8,synthetic,False,1.7052729810441738,53.29322871502471,6.710789754280821,121.8412221316778,25.18278550737744,440.31809115992,-0.06535380285763681,-0.30802678275118023,-0.9267975021412478,0.11652220678008174,0.009505412332025731,0.004437162940287898,-0.0050682493917378335,-0.020459202175990995,-0.032019239541235006,-0.031020337501362738
2023007,2023-04-07T09:00:00,2023,TEAM_05,TEAM_02,6,2,2023-04-07T06:00:00,0.9836463389983051,synthetic,2.975951811711314,synthetic,False,0.33891281598069883,0.39382185513472834,0.054909039154029504,0.08408712163745824,0.18646217159685496,0.3170305019516461,synthetic,False,3.726469139824797,4.240565889824605,2.719189447778325,7,synthetic,False,3.088514187449264,35.253289066662745,6.844653811276078,153.08549258444273,28.69057718501963,515.3048580582058,4.406738409810028,synthetic,False,0.310840573883293,0.36897054129615103,0.05812996741285803,0.08325498074762734,0.21111888030144452,0.3003951966219447,synthetic,False,4.198902981941658,4.671671423569757,2.925242211260176,6,synthetic,False,4.47684461128167,29.348106391058877,6.925233276901648,76.63329794305291,23.046464930182566,438.67037526927555,1.4307865980987144,0.47243384211686124,0.4311055337451517,-0.20605276348185075,0.02807224209740583,0.024851313838577305,-0.003220928258828526,0.0008321408898308985,-0.024656708704589553,0.016635305329701422
2023008,2023-04-08T09:00:00,2023,TEAM_01,TEAM_04,9,6,2023-04-08T06:00:00,1.0000021098272853,synthetic,4.148759071673177,synthetic,False,0.3089733407945509,0.34187654058652783,0.03290319979197692,0.07542336343580357,0.20247767066198893,0.26386136656452613,synthetic,False,4.6664343614368615,4.26479506302518,2.6287741336084895,7,synthetic,False,1.5032144215453604,72.39061645314102,13.310134338480815,85.6814345064144,24.15875521605985,440.61666632053823,4.334035340433566,synthetic,False,0.3223314292157176,0.39258499877304204,0.07025356955732442,0.09286402545637046,0.2062171928935994,0.30355145868282024,synthetic,False,3.9359609821924755,4.113161962419386,2.4585478768076006,6,synthetic,False,2.333612509991045,46.7147182340201,6.389345562361968,136.6176941988993,31.063579089099143,426.65719957513494,0.18527626876038905,-0.730473379244386,-0.15163310060579427,0.170226256800889,-0.013358088421166703,-0.050708458186514205,-0.0373503697653475,-0.01744066202056689,-0.003739522231610476,-0.03969009211829411
2023009,2023-04-09T09:00:00,2023,TEAM_02,TEAM_01,6,4,2023-04-09T06:00:00,0.9917868694219276,synthetic,4.247963750608003,synthetic,False,0.3209649426167331,0.37124884122855717,0.050283898611824085,0.09435900985358359,0.2278802588297029,0.2816262393922322,synthetic,False,4.566461638139125,4.372929976606832,2.5273428859266596,6,synthetic,False,3.080143403391611,15.086624208412918,9.35487696311636,136.08703048464525,20.44784657792761,379.63563944125383,4.823840817219826,synthetic,False,0.3111246679835624,0.355740918655536,0.044616250671973556,0.07797907039160423,0.20997627146151737,0.2484667818269618,synthetic,False,4.728140628025618,5.395022190547605,1.9189449206470948,6,synthetic,False,2.776512421372447,47.73590383499359,6.75617083735742,67.54162474316394,27.63997741857055,544.5512660623139,0.5758770666118229,0.16167898988649299,1.0220922139407733,0.6083979652795648,0.009840274633170665,0.015507922573021193,0.005667647939850529,0.016379939461979354,0.01790398736818552,0.03315945756527039
2023010,2023-04-10T09:00:00,2023,TEAM_03,TEAM_02,2,1,2023-04-10T06:00:00,1.007800236788781,synthetic,4.132829183167923,synthetic,False,0.31447101489296053,0.3789797888975942,0.06450877400463367,0.09280026756819376,0.21199186290385247,0.31614721350501407,synthetic,False,4.683077901352486,4.812094161142193,2.8731803578503374,7,synthetic,False,3.427988176797059,38.254864743444664,7.633091631718409,100.37986147769142,30.947919672974265,326.6272282663851,4.669058095876945,synthetic,False,0.31589348942494844,0.39408244768241174,0.0781889582574633,0.08630521393238758,0.2308477538917616,0.2962626555794252,synthetic,False,4.652693672784661,4.089785910521367,1.8183978422215552,8,synthetic,False,2.0817201576337254,67.17965493242755,8.775067621795392,100.33315671405886,20.931413167798006,417.45865696571957,0.5362289127090225,-0.030384228567824856,-0.7223082506208263,1.0547825156287822,-0.001422474531987905,-0.015102658784817535,-0.01368018425282963,0.006495053635806186,-0.01885589098790913,0.019884557925588853
2023011,2023-04-11T09:00:00,2023,TEAM_04,TEAM_05,1,3,2023-04-11T06:00:00,1.0332240147609246,synthetic,4.173487370109875,synthetic,False,0.3382876147222444,0.3557567888452342,0.017469174122989817,0.09002620037418156,0.20186440287879093,0.29391466412473355,synthetic,False,4.133472571343174,4.725673388577922,2.3526689724426686,9,synthetic,False,1.0184056005460578,66.61518476885614,8.236713225401317,148.24410356114552,23.145281692391027,476.0322767474658,3.849172035676931,synthetic,False,0.3417287802013717,0.41321921606857653,0.07149043586720483,0.09302205943569036,0.1866398568231274,0.34096751410094894,synthetic,False,3.773117829939912,3.866617113641675,3.009947274073088,6,synthetic,False,1.5414639180215908,40.99985551488676,10.462911095317946,98.94876490681051,21.8887499135484,430.1729643873395,-0.3243153344329439,-0.36035474140326196,-0.8590562749362474,-0.6572783016304196,-0.003441165479127317,-0.05746242722334233,-0.05402126174421501,-0.0029958590615088015,0.015224546055663535,-0.047052849976215394
2023012,2023-04-12T09:00:00,2023,TEAM_05,TEAM_02,2,5,2023-04-12T06:00:00,0.9933540302021155,synthetic,3.7899023151186277,synthetic,False,0.3478182006689007,0.4189740970238337,0.07115589635493302,0.10536591860207652,0.19453805973360744,0.3291922079666045,synthetic,False,3.3091194269833717,4.4814890265309995,2.74236413330291,6,synthetic,False,0.9977404589410748,22.97364457430177,4.297444125762293,97.38177500921186,28.19818303008497,454.31408821095783,4.527356770211995,synthetic,False,0.3036723411610764,0.3314181381406124,0.027745796979535997,0.0821261215123423,0.20333868759633997,0.29913538004882156,synthetic,False,4.584846442929153,4.8856837691774455,2.398039925612756,7,synthetic,False,2.8292113741150686,51.48103528962346,6.090653474260235,116.43204617122478,26.983880483284786,476.5396356563064,0.737454455093367,1.275727015945781,0.40419474264644606,0.3443242076901538,0.04414585950782429,0.08755595888322132,0.04341009937539703,0.023239797089734213,-0.00880062786273253,0.030056827917782913
2023013,2023-04-13T09:00:00,2023,TEAM_01,TEAM_04,4,6,2023-04-13T06:00:00,1.010697261017373,synthetic,4.717088193148124,synthetic,False,0.3188951904202407,0.32512491332102517,0.00622972290078444,0.07082116603155143,0.19521377523068614,0.2948920745961884,synthetic,False,4.106595970037924,4.642607445945689,1.9045347800852275,6,synthetic,False,3.6892174967107927,64.24297811628307,7.361724130547721,163.9611625766513,26.460633292170545,352.19513321294033,3.6835679013843543,synthetic,False,0.3173946348743498,0.3810135906327943,0.06361895575844445,0.08605189987155343,0.2106430202325432,0.32829958455563885,synthetic,False,4.460192457791496,3.6762364696180363,2.21783681825274,9,synthetic,False,3.074697088463202,40.902613588996374,3.8381883483049393,150.77720673862302,22.974996435956346,374.9574821219834,-1.0335202917637694,0.3535964877535722,-0.9663709763276529,-0.31330203816751245,0.0015005555458909026,-0.05588867731176911,-0.05738923285766001,-0.015230733840001995,-0.01542924500185705,-0.033407509959450465
2023014,2023-04-14T09:00:00,2023,TEAM_02,TEAM_01,4,7,2023-04-14T06:00:00,1.0046331412353846,synthetic,4.397011584537807,synthetic,False,0.32108662002282484,0.3795145933707192,0.058427973347894346,0.08972396993316901,0.20488656618962744,0.29255916559063844,synthetic,False,4.1007855457885665,5.013527845800194,2.504377733373213,6,synthetic,False,2.468862469796655,48.58041430474072,11.402025120252599,186.38639640066634,26.346905675663894,427.01429449878066,5.0513472440905876,synthetic,False,0.3021433896723265,0.36699526670712856,0.06485187703480205,0.07844482291227686,0.21676689853749065,0.2553782318961219,synthetic,False,4.481657798512649,4.323651377341862,1.6547847661031176,6,synthetic,False,2.141324715060667,38.30893461361981,11.374462324859033,156.28579446712624,21.189544418291863,441.0781339338218,0.654335659552781,0.38087225272408265,-0.6898764684583325,0.8495929672700955,0.01894323035049833,0.012519326663590624,-0.006423903686907706,0.011279147020892152,-0.011880332347863204,0.03718093369451653
2023015,2023-04-15T09:00:00,2023,TEAM_03,TEAM_02,1,5,2023-04-15T06:00:00,1.0108721067865911,synthetic,4.323367912753111,synthetic,False,0.32160741516115987,0.40414932758921845,0.08254191242805858,0.07814837064314559,0.20507606874834722,0.33006500309248643,synthetic,False,4.899418431648958,4.478077909918847,2.3774560534519624,6,synthetic,False,2.5432168056073086,40.27347870137273,5.941035206549161,135.33934212768415,21.74231405407116,464.9188927235072,4.753880361244855,synthetic,False,0.32146531407237233,0.36784752279599753,0.046382208723625196,0.08452379347585219,0.20529592333344304,0.29250149684633897,synthetic,False,4.703886781366287,3.999007870524707,1.5727564014628006,9,synthetic,False,1.104939169772795,64.82179567702255,9.290369963943371,99.6961127681715,18.487482719795516,192.66033716187616,0.4305124484917444,-0.19553165028267117,-0.4790700393941396,0.8046996519891618,0.00014210108878753847,0.036301804793220926,0.03615970370443339,-0.006375422832706604,-0.00021985458509582445,0.03756350624614746
2023016,2023-04-16T09:00:00,2023,TEAM_04,TEAM_05,3,2,2023-04-16T06:00:00,0.9793442633409012,synthetic,3.693319759906143,synthetic,False,0.33685080209500307,0.36890274964610004,0.03205194755109697,0.08641605982381419,0.20219372967618884,0.32762503316730474,synthetic,False,4.008474837044738,4.436782142591528,2.730497805432399,8,synthetic,False,3.497815408410548,69.06299116198386,5.559700960697175,94.48143467284865,32.67892168160117,400.6492009978705,3.9430699897786363,synthetic,False,0.3349746428810782,0.4351908203728728,0.10021617749179462,0.09218891490083272,0.20009874587987234,0.3224242906570506,synthetic,False,4.2011795054174765,3.7933803328945404,2.5754307375914935,6,synthetic,False,3.052333950643139,17.94785484511177,8.774941805302243,105.29808915384996,31.739063303667816,235.43047713246463,0.24975022987249318,0.19270466837273847,-0.6434018096969876,0.15506706784090563,0.0018761592139248662,-0.06628807072677279,-0.06816422994069765,-0.005772855077018538,0.0020949837963165074,0.005200742510254153
2023017,2023-04-17T09:00:00,2023,TEAM_05,TEAM_02,4,7,2023-04-17T06:00:00,0.9636294378685553,synthetic,3.6193464523105043,synthetic,False,0.33760773374550246,0.4044392037589358,0.06683147001343331,0.09044489077171965,0.1994406588874393,0.3448773235853968,synthetic,False,3.557865989514223,4.167397374314668,2.82551138129683,7,synthetic,False,2.8964180008086595,75.56117284369708,7.32581165789498,112.48042023162812,22.23236209821311,337.58029970666223,4.101547899471699,synthetic,False,0.3089120268676908,0.37172775313026274,0.06281572626257192,0.0838057707709863,0.20961370470262594,0.3075517774122133,synthetic,False,4.2786161806425715,4.955064597406988,2.122105507773395,7,synthetic,False,1.947083855335288,51.77484673327679,7.875947174972209,77.10805495813352,25.660098720077976,434.65268590557855,0.4822014471611946,0.7207501911283485,0.7876672230923196,0.7034058735234354,0.028695706877811644,0.03271145062867303,0.004015743750861389,0.006639120000733342,-0.010173045815186632,0.03732554617318351
2023018,2023-04-18T09:00:00,2023,TEAM_01,TEAM_04,3,1,2023-04-18T06:00:00,1.0134508609982062,synthetic,5.124132108003408,synthetic,False,0.3230794998505943,0.35645468798254665,0.03337518813195234,0.08078072602703444,0.1840809364104015,0.26939013770002396,synthetic,False,4.400913084933667,4.777177377946756,2.2043189447891978,8,synthetic,False,1.4233852805706981,29.600585534636917,7.970896736619861,171.94460060348825,19.888128437300484,433.6777091730207,4.359963678227671,synthetic,False,0.31568240851820734,0.37394075427677503,0.0582583457585677,0.08565836036123498,0.19475293904573504,0.2979505311650102,synthetic,False,4.233150321938411,4.244580901937294,2.6846231208702434,8,synthetic,False,2.0224611126443497,63.391155471059825,6.24482492712616,102.2649262238307,28.705658054022656,472.2194861752702,-0.7641684297757374,-0.16776276299525605,-0.5325964760094619,-0.4803041760810456,0.007397091332386974,-0.017486066294228386,-0.02488315762661536,-0.004877634334200534,-0.01067200263533355,-0.028560393464986233
2023019,2023-04-19T09:00:00,2023,TEAM_02,TEAM_01,4,8,2023-04-19T06:00:00,1.0042990083109264,synthetic,4.160393745531168,synthetic,False,0.32015276111588264,0.3473727801628169,0.027220019046934274,0.0844779328852584,0.19932081314831152,0.30058302330347453,synthetic,False,4.149341337434869,4.88983704776884,1.9858069595821308,6,synthetic,False,2.159347578430258,43.51372278353495,8.037826895357203,102.79035604201297,28.35568146699965,374.99107396264566,4.634741269779461,synthetic,False,0.3242264263980334,0.3422694510547762,0.01804302465674279,0.06412331801442306,0.23233124394014273,0.2572842674313174,synthetic,False,5.327331988151752,4.738155757092735,1.8968548071412168,8,synthetic,False,2.313777050159331,39.96121854364389,5.2732239161563035,139.9663954167708,28.62253687643043,302.919578513552,0.47434752424829263,1.1779906507168825,-0.15168129067610536,0.08895215244091403,-0.004073665282150751,0.005103329108040733,0.009176994390191484,0.02035461487083534,-0.03301043079183122,0.043298755872157146
2023020,2023-04-20T09:00:00,2023,TEAM_03,TEAM_02,7,3,2023-04-20T06:00:00,1.0096275779849435,synthetic,4.055548954620819,synthetic,False,0.3235799678559248,0.3960746218054341,0.07249465394950932,0.07461597036695669,0.2069726884357276,0.3075615817267306,synthetic,False,4.152384012634298,5.0467387545346165,2.850366283335856,6,synthetic,False,3.187259166802792,48.11040422065966,5.761905504270436,127.49927955374515,32.062594184158,390.71562217850493,3.9762504582324665,synthetic,False,0.31762437173522556,0.3567563842937348,0.03913201255850923,0.07974595436801672,0.20802094676377855,0.30394893569735737,synthetic,False,4.04358694599612,4.074519581237763,2.0131843911490956,6,synthetic,False,0.03525565817943299,55.55750458573016,8.04473951054848,99.86988045486899,19.41584894470879,477.68559222357527,-0.07929849638835229,-0.10879706663817768,-0.9722191732968533,0.8371818921867602,0.005955596120699236,0.03931823751169933,0.03336264139100009,-0.005129984001060031,-0.0010482583280509439,0.003612646029373223
2023021,2023-04-21T09:00:00,2023,TEAM_04,TEAM_05,2,4,2023-04-21T06:00:00,0.9996588302051176,synthetic,3.9676528076429824,synthetic,False,0.33607703141262013,0.39399529725804583,0.0579182658454257,0.09310065520320475,0.20850102241497784,0.31670429537878453,synthetic,False,4.342931252141299,3.9775369784769503,2.3862690487264064,6,synthetic,False,4.098374440296732,35.65855210961119,6.650452544413818,131.73639393996376,24.77119249993549,486.40402398549173,2.919502358626667,synthetic,False,0.3311329495308311,0.394916505988694,0.06378355645786288,0.07747786392568314,0.18543633866757434,0.3511815224832437,synthetic,False,3.5812109710385185,3.84961337091841,2.636481804642789,8,synthetic,False,1.5691862797288463,42.08872734058354,9.5983472428827,91.74527670043796,21.447125580392758,456.8911719455668,-1.0481504490163154,-0.7617202811027806,-0.12792360755854038,-0.2502127559163827,0.00494408188178902,-0.0009212087306481598,-0.0058652906124371795,0.015622791277521614,0.023064683747403503,-0.03447722710445916
2023022,2023-04-22T09:00:00,2023,TEAM_05,TEAM_02,9,5,2023-04-22T06:00:00,1.00247587052518,synthetic,3.7464658214650792,synthetic,False,0.32904921885959365,0.4087824762858112,0.07973325742621756,0.09013585991382107,0.1824093089107504,0.3306866666489483,synthetic,False,3.419130513032828,4.160012162346132,2.403315915505801,8,synthetic,False,3.7280188573493027,6.508194474049233,4.506722620193347,93.39052030124671,33.30589433360164,436.1940237189472,4.664848827329144,synthetic,False,0.3063983908087377,0.3528483542451305,0.046449963436392794,0.08448688230033627,0.20969929197122536,0.3010940121703648,synthetic,False,4.6071847047160315,4.574315153175042,2.2174357254715327,7,synthetic,False,3.3777673890849256,55.91213251111153,4.260256011216461,52.334674784433474,31.008726988257536,504.07938199464525,0.9183830058640647,1.1880541916832037,0.41430299082890976,0.18588019003426837,0.022650828050855942,0.05593412204068071,0.03328329398982477,0.005648977613484804,-0.027289983060474948,0.029592654478583502
2023023,2023-04-23T09:00:00,2023,TEAM_01,TEAM_04,1,2,2023-04-23T06:00:00,1.0015096482106105,synthetic,5.010634703378148,synthetic,False,0.32857594522434314,0.3702933562978261,0.04171741107348298,0.07636969982048583,0.20228243254098163,0.27018904931979654,synthetic,False,4.692862822917664,4.7752573536401615,2.604626695258986,9,synthetic,False,3.7360486835554285,28.26639363505396,9.210038648594558,141.82841869443496,28.212728121020266,508.7248950282833,4.027903920001158,synthetic,False,0.33960014236304337,0.4084643131006998,0.06886417073765644,0.09024474844801264,0.17959666644342978,0.3048822265930397,synthetic,False,4.05090526935264,3.965332814402806,3.0345449857902476,9,synthetic,False,4.328995340885704,64.74752960472979,8.01042683371175,163.86937874953236,26.060265903009128,430.20979576733345,-0.98273078337699,-0.6419575535650237,-0.8099245392373553,-0.4299182905312615,-0.011024197138700231,-0.03817095680287369,-0.02714675966417346,-0.01387504862752681,0.02268576609755185,-0.03469317727324317
2023024,2023-04-24T09:00:00,2023,TEAM_02,TEAM_01,5,1,2023-04-24T06:00:00,1.0063221203742474,synthetic,4.08525740728635,synthetic,False,0.31728802888183405,0.37156486785057746,0.05427683896874341,0.09258536699986786,0.2197305599421609,0.2978189732934588,synthetic,False,4.472861359772867,4.727075558430379,2.1091258045613355,6,synthetic,False,2.448948122393071,31.062427893559786,4.999368922153707,137.84787625097357,27.956323299666174,280.99693664739414,4.715648301501364,synthetic,False,0.3205570138589992,0.3800660273001338,0.05950901344113457,0.08475502105731143,0.21346695848281752,0.289224468666505,synthetic,False,4.478738668007713,4.50070541042468,2.103784010309549,8,synthetic,False,3.8873311116050653,60.59967440547334,7.235542686937656,83.42961775531305,24.40446701494551,431.2923396107893,0.6303908942150143,0.005877308234846446,-0.22637014800569943,0.005341794251786602,-0.003268984977165157,-0.008501159449556317,-0.00523217447239116,0.007830345942556424,0.006263601459343376,0.008594504626953825
2023025,2023-04-25T09:00:00,2023,TEAM_03,TEAM_02,6,10,2023-04-25T06:00:00,1.0032764456511536,synthetic,4.0088918324050296,synthetic,False,0.31871933916274625,0.39060615101746193,0.07188681185471568,0.08258804451922477,0.2079292526677402,0.30326262426588424,synthetic,False,4.318301005713031,4.001199849617949,2.781333081974939,9,synthetic,False,2.9181894876745784,24.406727796251406,3.266691102058938,64.28280024948214,26.145549732883346,417.3187958524524,4.417068960480966,synthetic,False,0.32994189828928505,0.32488898020414714,-0.005052918085137914,0.08417560324658495,0.22773725842164289,0.28665951315879934,synthetic,False,4.188054808777071,4.507067720873537,1.9016961861767414,9,synthetic,False,2.27373799497696,65.83976453895207,11.174773350975041,111.58588402375543,35.52530107032235,417.66823577384685,0.40817712807593676,-0.13024619693595962,0.505867871255588,0.8796368957981975,-0.0112225591265388,0.0657171708133148,0.0769397299398536,-0.001587558727360175,-0.01980800575390268,0.0166031111070849
2023026,2023-04-26T09:00:00,2023,TEAM_04,TEAM_05,3,1,2023-04-26T06:00:00,0.9974144971606341,synthetic,3.952332852339994,synthetic,False,0.3639885367936754,0.41232314034720624,0.048334603553530864,0.08395641282029122,0.21262797444331027,0.33552041903848956,synthetic,False,3.939541865728915,3.9885874359845768,2.539325676331346,7,synthetic,False,2.6139852218652924,48.385330025686955,8.349931794872298,61.95402508613213,29.332863343047666,341.3485435127275,3.1461562420433653,synthetic,False,0.33881588756141323,0.4105116580596602,0.07169577049824699,0.08723896301256633,0.20697238229201567,0.327411762110938,synthetic,False,3.474456208407273,3.7775696879296046,2.696023818898198,7,synthetic,False,2.8788642846472388,26.873712806023285,8.948565354912457,123.9530734183757,16.54026873344045,268.1056419702227,-0.8061766102966286,-0.46508565732164175,-0.2110177480549722,-0.1566981425668521,0.025172649232262145,0.001811482287546018,-0.023361166944716127,-0.0032825501922751077,0.005655592151294603,0.008108656927551583
2023027,2023-04-27T09:00:00,2023,TEAM_05,TEAM_02,6,4,2023-04-27T06:00:00,1.0138895522162532,synthetic,3.5421649121715393,synthetic,False,0.34165559839510184,0.4260576929772694,0.08440209458216757,0.08473337059449466,0.18293634088519045,0.3530292633010502,synthetic,False,3.5366690355281545,4.021120833509047,2.5805981685281467,7,synthetic,False,0.8960071373896246,29.671412435263814,6.384542225009571,109.33995255510348,26.192905614904586,391.61902518831647,4.743815090952154,synthetic,False,0.3110398269431863,0.3574782767294402,0.04643844978625389,0.08467325323112278,0.19057229516088656,0.2951358051411457,synthetic,False,4.56742292633,4.675893614304194,2.6464828321447786,6,synthetic,False,1.9777925547052821,75.96477072838525,7.049137101543802,82.41249020592292,26.349597904974125,334.2816099760924,1.2016501787806146,1.0307538908018454,0.6547727807951462,-0.06588466361663192,0.03061577145191552,0.0685794162478292,0.03796364479591369,6.0117363371886556e-05,-0.007635954275696105,0.05789345815990454
2023028,2023-04-28T09:00:00,2023,TEAM_01,TEAM_04,7,4,2023-04-28T06:00:00,1.0083960314233256,synthetic,4.575793043928808,synthetic,False,0.320474051450464,0.3818351396443804,0.06136108819391639,0.08721781053937974,0.21935296088550865,0.2799493083192015,synthetic,False,5.030857178021425,4.22172055020908,1.7298984231029721,6,synthetic,False,2.028550780803263,40.341474528804284,11.264349760408098,116.73868631096828,28.06896158595107,397.57980025568236,3.8711997206279136,synthetic,False,0.3322601668043607,0.4050698331875169,0.07280966638315617,0.09519184521328306,0.22076872797123995,0.306687896871402,synthetic,False,4.107405020477292,4.366341410112461,2.503636977275314,9,synthetic,False,3.540289464883589,56.855498214674455,7.9232194655901,149.47821274660652,28.453833544969093,505.02296936944913,-0.7045933233008945,-0.9234521575441335,0.14462085990338025,-0.773738554172342,-0.011786115353896731,-0.02323469354313651,-0.011448578189239778,-0.007974034673903313,-0.0014157670857312954,-0.026738588552200515
2023029,2023-04-29T09:00:00,2023,TEAM_02,TEAM_01,3,1,2023-04-29T06:00:00,1.0115842451508172,synthetic,3.6294335747612227,synthetic,False,0.3216288573638505,0.3073285691461339,-0.014300288217716617,0.0714592195555675,0.2144212232112918,0.2872305714136949,synthetic,False,4.589382334316698,4.233149926951025,2.5811622965842393,6,synthetic,False,4.842920312402985,42.969282349178464,8.316072353762534,172.12310635345685,26.655135580967098,339.8242014481899,4.719276313525599,synthetic,False,0.3102438926380991,0.33643465026037184,0.026190757622272742,0.07706500757195506,0.20409369487203075,0.280440859511934,synthetic,False,4.921089439296859,4.8921141559648404,1.9581454208132272,9,synthetic,False,2.823122018406166,52.86902719503648,5.500575542661237,89.71078338874057,31.52339607701265,384.0747345846452,1.0898427387643763,0.3317071049801603,0.6589642290138151,0.6230168757710122,0.0113849647257514,-0.02910608111423796,-0.04049104583998936,-0.005605788016387558,0.010327528339261066,0.00678971190176092
2023030,2023-04-30T09:00:00,2023,TEAM_03,TEAM_02,6,10,2023-04-30T06:00:00,0.9738739072603424,synthetic,3.7213997279681226,synthetic,False,0.3272948171546361,0.3982404956637107,0.07094567850907463,0.08724631871023758,0.21258377780513674,0.30576332336741374,synthetic,False,3.8989327254773127,4.515864054248669,2.2051629523826066,6,synthetic,False,4.07927451067423,71.70992087360574,10.12961574301181,118.5982403694643,27.763600815131717,472.5117153838183,4.483929825803849,synthetic,False,0.31910764187911544,0.38782755637377125,0.06871991449465581,0.08144430412384442,0.20024855676351605,0.2972419060767994,synthetic,False,4.3663817335410355,4.861868632206811,2.2720629930605014,7,synthetic,False,3.27007924220219,37.00253659363825,9.012496327259612,133.74412070721021,19.82593456544261,523.1728593389684,0.7625300978357266,0.4674490080637228,0.34600457795814155,-0.06690004067789479,0.008187175275520653,0.010412939289939471,0.0022257640144188184,0.005802014586393164,0.012335221041620686,0.008521417290614341
2023031,2023-05-01T09:00:00,2023,TEAM_04,TEAM_05,6,10,2023-05-01T06:00:00,0.9761093708149651,synthetic,3.56410735501007,synthetic,False,0.33272173318657533,0.3920706909001678,0.05934895771359244,0.08617900819415644,0.20843642358578973,0.32853759840260166,synthetic,False,4.114968840298176,4.2706167547255,2.714840400400672,8,synthetic,False,2.235561747735539,8.116638968168417,7.5721198535955905,121.85637786104529,31.2276613739484,504.07257945408406,3.606777013510663,synthetic,False,0.33439638922603104,0.4177329000258233,0.08333651079979226,0.08823249417605412,0.1969832881826798,0.346879500949395,synthetic,False,4.056534079240192,3.724780028903702,2.913220410607691,8,synthetic,False,1.6452081828691787,58.58230605147841,8.89713269074301,125.15970250855239,22.188382709861738,350.55954860683227,0.04266965850059279,-0.05843476105798384,-0.5458367258217982,-0.198380010207019,-0.001674656039455713,-0.025662209125655533,-0.02398755308619982,-0.002053485981897682,0.011453135403109937,-0.018341902546793354
2023032,2023-05-02T09:00:00,2023,TEAM_05,TEAM_02,7,6,2023-05-02T06:00:00,1.0108148612931538,synthetic,3.6725034296135637,synthetic,False,0.3269824447112161,0.40532676548010077,0.07834432076888465,0.09205788652744407,0.226341561740707,0.33769779379582193,synthetic,False,3.465671086119908,4.435205098271547,2.833351575404789,7,synthetic,False,3.044726818195233,40.54103833020772,10.408100362914917,107.8493945290336,31.66117286089624,366.6724659840233,4.43312948300764,synthetic,False,0.30708037447709785,0.3811904269662554,0.07411005248915753,0.09047075574155922,0.20807172584214975,0.2939899028502677,synthetic,False,4.4207785753240225,4.249884062926226,1.6921617220835417,7,synthetic,False,1.6871220132811728,46.628576737746165,10.138026395482793,209.0855366981146,23.067074574645495,522.647511748408,0.7606260533940765,0.9551074892041145,-0.1853210353453214,1.1411898533212474,0.019902070234118274,0.02413633851384539,0.004234268279727116,0.0015871307858848493,0.01826983589855724,0.04370789094555422
2023033,2023-05-03T09:00:00,2023,TEAM_01,TEAM_04,8,4,2023-05-03T06:00:00,1.0283420119689175,synthetic,4.767336615430389,synthetic,False,0.31170395725612215,0.3536500030691199,0.04194604581299777,0.0702113420412069,0.194476497569735,0.27605475540481367,synthetic,False,4.8533112208203075,4.783154968470001,1.992551688016946,7,synthetic,False,2.780363943026398,32.50312101374452,9.952585911297898,170.9547505924306,28.472783276614265,488.0247633508068,4.197748799107867,synthetic,False,0.34350099316404514,0.40805378518802726,0.06455279202398212,0.0917900822824493,0.20723592688015802,0.3038186044042282,synthetic,False,3.7556655813632394,4.405253104900855,2.291620163462484,8,synthetic,False,3.9035650678080875,56.44352260310716,10.474796579371725,113.57809410569394,20.238755793616164,396.9672102197243,-0.5695878163225219,-1.0976456394570682,-0.37790186356914557,-0.29906847544553794,-0.03179703590792299,-0.05440378211890734,-0.022606746210984352,-0.0215787402412424,-0.01275942931042301,-0.02776384899941453
2023034,2023-05-04T09:00:00,2023,TEAM_02,TEAM_01,5,1,2023-05-04T06:00:00,1.0046014457817891,synthetic,4.348844280999035,synthetic,False,0.3213203447180293,0.3552047113101771,0.03388436659214783,0.08450190366826289,0.20903730260222764,0.2946215395487869,synthetic,False,4.28254666542887,4.557459723238802,2.088953461198871,8,synthetic,False,2.5015539976921204,39.097662237162595,3.3050980847797167,94.2795720886362,24.684632877718236,363.56104928675177,5.136878126145783,synthetic,False,0.3089506222460378,0.3841919964877285,0.0752413742416907,0.07897022780430221,0.2134467340370589,0.30846313004269804,synthetic,False,4.667800888071875,4.881328688067511,1.2941167819746346,9,synthetic,False,0.5984542555613213,34.30926670310218,7.529055763875138,143.3932371676844,28.365435990137374,386.18155653395723,0.7880338451467477,0.38525422264300513,0.3238689648287094,0.7948366792242365,0.012369722471991473,-0.028987285177551392,-0.041357007649542865,0.0055316758639606806,-0.0044094314348312735,-0.013841590493911149
2023035,2023-05-05T09:00:00,2023,TEAM_03,TEAM_02,6,7,2023-05-05T06:00:00,0.9997340330845452,synthetic,4.419544120296316,synthetic,False,0.3277264526343213,0.3748933055179081,0.047166852883586796,0.08918690103400004,0.20632735747094413,0.27568779020043876,synthetic,False,4.250334961688622,4.915533750266351,1.924694748952129,8,synthetic,False,2.2367393524311945,38.926269283743515,4.485348704453905,91.46010099836438,21.695791607382148,599.3068069056919,4.954487745369201,synthetic,False,0.31368250582315355,0.36645550077447764,0.05277299495132409,0.07490477601687025,0.18610243504129678,0.2960120925567319,synthetic,False,4.440779953397869,4.290751805864591,1.6899382452869567,6,synthetic,False,1.8380255416897424,45.37803352484529,8.232419195567875,134.94163072100244,19.397555079214815,479.10142976016715,0.5349436250728852,0.19044499170924745,-0.6247819444017599,0.23475650366517242,0.014043946811167773,0.008437804743430477,-0.005606142067737296,0.01428212501712979,0.020224922429647352,-0.020324302356293122
2023036,2023-05-06T09:00:00,2023,TEAM_04,TEAM_05,6,3,2023-05-06T06:00:00,0.9701160256425474,synthetic,3.4646115002581745,synthetic,False,0.3290380229541881,0.4035765473571478,0.07453852440295972,0.09187779228284759,0.19930814523066695,0.3192068423704034,synthetic,False,4.412944722650264,4.512628769845295,2.7550365436410837,7,synthetic,False,4.5604846007830275,23.35200190684004,5.646933777685699,168.03248238874937,20.708594745811816,315.80941500312406,3.413865643404267,synthetic,False,0.3436022670947459,0.4071568592810003,0.06355459218625442,0.08749661827756645,0.18890945045930588,0.3675428602818649,synthetic,False,3.6319157338968227,3.6121716299693705,2.7992533213556663,6,synthetic,False,3.4867590544047387,35.17476051009722,7.128086645627902,99.879826577519,12.74145832540399,311.64930423641005,-0.05074585685390742,-0.781028988753441,-0.9004571398759249,-0.044216777714582545,-0.014564244140557792,-0.003580311923852497,0.010983932216705294,0.004381174005281138,0.010398694771361072,-0.04833601791146147
2024001,2024-04-01T09:00:00,2024,TEAM_05,TEAM_01,9,6,2024-04-01T06:00:00,0.9800772252675828,synthetic,3.920987590226857,synthetic,False,0.3389556383229565,0.43223014772178114,0.09327450939882465,0.09386589546140527,0.20639070590858188,0.34580199927704086,synthetic,False,3.584775751173856,4.103382833967435,2.537005812329892,6,synthetic,False,3.166187758574833,34.207158061918676,5.2544631354580105,85.29202171115357,26.43252770960731,439.5257401591986,4.528092767471784,synthetic,False,0.31086585341326095,0.3712696666504927,0.06040381323723176,0.08230914428799181,0.23162256144146987,0.3079702069335323,synthetic,False,5.009245208049511,4.52954799853521,1.8307070486332855,8,synthetic,False,3.6448728124544276,44.08778601681742,6.675701243086065,65.96139734697708,25.142177448918257,298.04625735207935,0.607105177244927,1.4244694568756548,0.42616516456777465,0.7062987636966065,0.028089784909695548,0.06096048107128843,0.03287069616159288,0.011556751173413454,-0.02523185553288798,0.037831792343508586
2024002,2024-04-02T09:00:00,2024,TEAM_01,TEAM_03,8,4,2024-04-02T06:00:00,0.9668400974170362,synthetic,4.834551807905396,synthetic,False,0.30334608477992026,0.34968727485753776,0.0463411900776175,0.08324696822319223,0.21253754085787904,0.29839070865464284,synthetic,False,5.1249120104827535,4.711218632453979,2.0192240238873347,9,synthetic,False,2.1528423426700534,42.20705859917468,7.269002241402131,96.0822294397806,29.310407672908763,463.7686754183773,4.316195314573559,synthetic,False,0.34036965653917645,0.41108820642225347,0.07071854988307702,0.08275033186090519,0.20947662782121013,0.3016035077123359,synthetic,False,4.094099827685447,4.4081743606400945,2.8360210927408156,6,synthetic,False,2.963698150342963,39.511533950329245,9.887237143712754,54.71092229634224,15.929487025673552,474.68789914148306,-0.5183564933318374,-1.0308121827973062,-0.30304427181388416,-0.8167970688534809,-0.03702357175925619,-0.06140093156471571,-0.02437735980545952,0.0004966363622870423,0.0030609130366689163,-0.003212799057693061
2024003,2024-04-03T09:00:00,2024,TEAM_02,TEAM_05,3,6,2024-04-03T06:00:00,0.9809872787982159,synthetic,4.443494560961898,synthetic,False,0.33783509410401347,0.38783559315632554,0.050000499052312075,0.08281823927085688,0.20373135307874074,0.3008069658928963,synthetic,False,4.371356787032651,3.8947807387799944,2.423644932544556,6,synthetic,False,1.938583107693184,24.480565884265246,5.569297610382473,123.6579304314789,15.577989225057628,461.0702828767798,3.7610794195814314,synthetic,False,0.3368889741196309,0.3643472468202783,0.02745827270064738,0.08542148824398567,0.21179482320923235,0.3190799891014584,synthetic,False,3.115501429817857,3.7983668057322686,2.951371090475451,9,synthetic,False,1.9248860478565386,49.463264331769786,8.630920838338186,178.9230010316306,24.98529028162315,443.20332772169587,-0.6824151413804662,-1.2558553572147941,-0.09641393304772583,-0.527726157930895,0.000946119984382543,0.02348834633604724,0.022542226351664696,-0.0026032489731287883,-0.008063470130491607,-0.01827302320856211
2024004,2024-04-04T09:00:00,2024,TEAM_03,TEAM_02,6,7,2024-04-04T06:00:00,1.0180466286944307,synthetic,3.9929888340554314,synthetic,False,0.3247775220515079,0.35686808178388274,0.032090559732374846,0.08637262017357364,0.21660959527510013,0.3082666698793848,synthetic,False,4.323233455874323,3.8438858525374466,2.5726086708938474,7,synthetic,False,1.5252339861822861,57.024697665304316,8.040190868394573,134.77111904592937,35.297474038116555,450.1414583879652,4.6342086429212905,synthetic,False,0.3449074552721833,0.3691515179543712,0.024244062682187872,0.07701270341828904,0.2141335567789656,0.28274644172623214,synthetic,False,4.579747757347223,4.455649612818828,2.8629533266270233,7,synthetic,False,2.926843470388023,31.283433897566788,9.331860604559196,118.61650030159863,24.735592768410843,457.170465393587,0.6412198088658592,0.2565143014729001,0.6117637602813812,-0.2903446557331759,-0.02012993322067541,-0.012283436170488438,0.007846497050186974,0.009359916755284595,0.002476038496134536,0.025520228153152635
2024005,2024-04-05T09:00:00,2024,TEAM_04,TEAM_02,2,1,2024-04-05T06:00:00,0.9728358035102352,synthetic,4.385627346164891,synthetic,False,0.3368617766219731,0.39022818213189764,0.05336640550992455,0.08515736831743055,0.19607592031985868,0.33562836017504394,synthetic,False,3.966509330488055,4.027767713534605,2.0100372690373054,7,synthetic,False,2.220313474857439,49.031164571125956,5.2460241795982725,163.18756307233252,32.228174800859364,486.9692894312555,4.0258686627778095,synthetic,False,0.32609121071066055,0.38028739157744273,0.054196180866782184,0.07216837251720461,0.2087084313947502,0.299681659137284,synthetic,False,4.561133622258315,4.834626345838103,2.257369425054214,7,synthetic,False,4.073611392253095,62.61654255857088,1.7658900924345131,112.15940480003185,25.176744862280245,283.59260704547717,-0.3597586833870814,0.59462429177026,0.8068586323034985,-0.2473321560169084,0.010770565911312535,0.009940790554454904,-0.0008297753568576316,0.012988995800225944,-0.012632511074891523,0.03594670103775993
2024006,2024-04-06T09:00:00,2024,TEAM_05,TEAM_01,6,2,2024-04-06T06:00:00,0.9947647793240098,synthetic,3.6441922628331644,synthetic,False,0.33024176522703563,0.3969055835737659,0.06666381834673024,0.10026436180502021,0.19048930615865808,0.36167244585952835,synthetic,False,3.9255531222526563,3.265073659378655,2.8907957338919497,7,synthetic,False,3.175546509999895,20.442889136835035,9.865061483505315,111.95647195961067,24.979652424757827,378.1258288775887,4.587417607231236,synthetic,False,0.31754670611628405,0.365606323301876,0.04805961718559193,0.08251048884841825,0.21289446372617313,0.3156162457797337,synthetic,False,4.818299952769296,4.733402939626237,1.5196208750708504,8,synthetic,False,3.8609373235629842,64.88651921153553,5.795682388068812,191.10748192723517,30.97745141472659,487.83542551171837,0.9432253443980718,0.8927468305166397,1.4683292802475822,1.3711748588210992,0.012695059110751583,0.031299260271889895,0.018604201161138312,0.017753872956601968,-0.022405157567515044,0.04605620007979466
2024007,2024-04-07T09:00:00,2024,TEAM_01,TEAM_03,6,8,2024-04-07T06:00:00,0.997144752705554,synthetic,4.859348566969465,synthetic,False,0.32461186275033893,0.36426365592150556,0.03965179317116663,0.07313133826117627,0.22289312474861975,0.2948369846913497,synthetic,False,4.920287686598699,5.1091308349567255,1.9087215609526575,9,synthetic,False,1.7318065693592204,16.832588024674273,7.9738972230919,119.4130877199756,23.800061477351456,193.32858817411977,3.800751108485633,synthetic,False,0.33620840651403167,0.37303673199886367,0.036828325484832,0.08716355006594105,0.1883117748402969,0.3140605655507695,synthetic,False,4.609676370589808,4.349590318980864,3.0477339375645056,6,synthetic,False,4.116440100589404,38.094950059407076,6.313559630259282,111.90810464289451,28.54949124238268,407.10818993118465,-1.058597458483832,-0.3106113160088908,-0.7595405159758615,-1.139012376611848,-0.011596543763692735,-0.00877307607735811,0.002823467686334624,-0.014032211804764785,0.034581349908322845,-0.019223580859419775
2024008,2024-04-08T09:00:00,2024,TEAM_02,TEAM_05,5,6,2024-04-08T06:00:00,1.0044685240821583,synthetic,5.09388494605045,synthetic,False,0.31870742563752175,0.40513573109604506,0.08642830545852331,0.08394391653626378,0.22055552687899338,0.30363588337020986,synthetic,False,4.288847237120569,4.341184272094407,2.4665659727395943,7,synthetic,False,1.313606664916303,21.235866139370767,4.645727195627518,67.2037144988792,26.54742679723544,499.3782941281019,3.546243579661054,synthetic,False,0.3167958524266215,0.40556631171397817,0.08877045928735666,0.09042320602020437,0.22215198500270525,0.3594819375276239,synthetic,False,3.445715521770111,3.783262839090282,2.8449935024039643,8,synthetic,False,3.1633130735164245,44.83335099238205,8.15988707731453,146.1058954386346,21.95256840553617,480.85439341811497,-1.5476413663893958,-0.843131715350458,-0.5579214330041249,-0.37842752966437,0.0019115732109002415,-0.0004305806179331073,-0.0023421538288333488,-0.006479289483940595,-0.0015964581237118691,-0.05584605415741406
2024009,2024-04-09T09:00:00,2024,TEAM_03,TEAM_02,7,3,2024-04-09T06:00:00,0.9952903968183904,synthetic,3.97743793530621,synthetic,False,0.32477314724674355,0.3737942772520201,0.049021130005276525,0.07856979203882954,0.20075662310063624,0.2938988030818669,synthetic,False,3.9740028411570845,4.512979112432637,2.5635931068973155,6,synthetic,False,2.033705084418994,33.006345468557136,10.150293457749678,132.23898831411435,24.94133098727803,452.40395808022924,3.8599861427476876,synthetic,False,0.31736866410359094,0.4089552552004857,0.09158659109689476,0.08259407903841605,0.20981495803003203,0.269235466299542,synthetic,False,4.607032094910549,4.953461835160022,1.6653020554626918,7,synthetic,False,2.8102912910861466,31.561975009639845,10.124050524439829,112.22959391355806,16.327346321434412,319.8989562367002,-0.11745179255852234,0.6330292537534645,0.44048272272738487,0.8982910514346236,0.007404483143152618,-0.03516097794846562,-0.04256546109161824,-0.004024286999586513,-0.009058334929395784,0.024663336782324907
2024010,2024-04-10T09:00:00,2024,TEAM_04,TEAM_02,6,5,2024-04-10T06:00:00,1.019288331494048,synthetic,3.7311504412610685,synthetic,False,0.3429887903902974,0.4185733570573005,0.07558456666700308,0.08717766945986333,0.1753836759902777,0.3271314819821972,synthetic,False,4.1843203951230645,4.354376079978001,2.824443924792435,8,synthetic,False,4.608755386185139,27.649155949730112,8.998445854401709,69.6922214731861,21.348676563649747,528.7276485044002,4.376948049559762,synthetic,False,0.326199226051328,0.37726519699694644,0.05106597094561843,0.08117025106399897,0.22536620389919226,0.2859546387126761,synthetic,False,4.4108352938370246,4.016741662352786,2.335357518610508,9,synthetic,False,2.9955091063625083,17.92706799623299,6.051314961183598,103.96663817473035,24.172652029428875,311.80648085488366,0.6457976082986936,0.22651489871396002,-0.33763441762521573,0.4890864061819271,0.016789564338969387,0.04130816006035404,0.02451859572138465,0.006007418395864356,-0.049982527908914554,0.04117684326952109
2024011,2024-04-11T09:00:00,2024,TEAM_05,TEAM_01,5,3,2024-04-11T06:00:00,0.9647507574229031,synthetic,3.7765539670772688,synthetic,False,0.33794189541911185,0.40194328367432686,0.06400138825521501,0.0922395458722347,0.1872010987105331,0.32671261570439963,synthetic,False,3.52329197945814,3.5909225768759994,2.3609578600623187,8,synthetic,False,3.3297156737837086,17.60642718722813,7.550257422432066,115.1819903467436,27.707543427684016,414.0295923922309,4.342992201619143,synthetic,False,0.29797610701142835,0.3615296243605295,0.06355351734910114,0.08477268551847306,0.18642975154748395,0.282257637733113,synthetic,False,4.776431644950395,5.296367701850675,2.1550607488079323,7,synthetic,False,1.896930919102198,41.090140811569974,4.258172963383696,49.32535743901491,30.713829006126375,341.1253804206669,0.5664382345418746,1.253139665492255,1.705445124974676,0.20589711125438637,0.0399657884076835,0.04041365931379737,0.0004478709061138675,0.007466860353761637,0.0007713471630491353,0.04445497797128661
2024012,2024-04-12T09:00:00,2024,TEAM_01,TEAM_03,7,3,2024-04-12T06:00:00,1.0283013072103544,synthetic,4.7013254439735075,synthetic,False,0.30330422805864354,0.36780347796390456,0.06449924990526101,0.08131523051387755,0.2168501957558953,0.2694536872333716,synthetic,False,4.7496501977321115,5.432218871726161,1.9735195401391246,9,synthetic,False,3.8645398093380363,20.251781610486834,6.87528911668826,164.10175397188507,28.540395525995326,429.644727360983,4.089048285838296,synthetic,False,0.32116199074292257,0.3901879431356258,0.06902595239270326,0.08348575525009311,0.20448905654746666,0.31744981123434013,synthetic,False,4.2696496765287595,4.162674965027276,3.224273394524626,6,synthetic,False,0.8230133606739249,48.18420038703968,5.979619822762189,139.89947990309676,26.232787366639304,472.13910805318477,-0.6122771581352113,-0.480000521203352,-1.2695439066988854,-1.2507538543855015,-0.01785776268427902,-0.02238446517172127,-0.004526702487442247,-0.002170524736215554,0.012361139208428629,-0.04799612400096853
2024013,2024-04-13T09:00:00,2024,TEAM_02,TEAM_05,1,4,2024-04-13T06:00:00,1.0032155398122817,synthetic,3.7935965897391704,synthetic,False,0.33370452297916026,0.37975111873406214,0.04604659575490189,0.08826706013447111,0.19436149106190173,0.29696146954927555,synthetic,False,4.262307529598666,4.691078402950671,2.2549205764029967,6,synthetic,False,0.8347796846971509,58.58110514747695,7.516563819915854,115.68276230513902,18.64442382807555,452.72865012826486,2.8740498017113096,synthetic,False,0.34588394011238716,0.38214209496148616,0.036258154849099,0.09172074747570486,0.19556997395206493,0.3258820601439607,synthetic,False,4.102384536823471,3.8574706908451386,2.558019191208639,9,synthetic,False,3.8728827687546636,51.5807515068943,6.728740036953678,114.67016098110008,18.164114547072764,444.13556506386556,-0.9195467880278607,-0.15992299277519528,-0.8336077121055325,-0.30309861480564226,-0.0121794171332269,-0.002390976227424013,0.009788440905802887,-0.0034536873412337465,-0.0012084828901632039,-0.028920590594685158
2024014,2024-04-14T09:00:00,2024,TEAM_03,TEAM_02,4,6,2024-04-14T06:00:00,0.9654512742159091,synthetic,4.818346503880699,synthetic,False,0.31399864446275694,0.38315208236126863,0.0691534378985117,0.09578972620553838,0.21929667568349695,0.3100279909898112,synthetic,False,4.075946987105025,4.478388599930707,2.4345867602182474,8,synthetic,False,2.5106795972992657,17.43116199557258,7.770246903736164,135.9506408760768,24.86290293678058,293.8711832061409,4.72678892159841,synthetic,False,0.32144525037992805,0.3599317282413824,0.03848647786145437,0.08011639731897163,0.19099196716661793,0.31439789137192214,synthetic,False,4.213647468055524,4.451766028775002,1.9781489827337573,9,synthetic,False,3.240213659328759,34.38694075421472,7.99589512170375,117.61673943354214,30.365283000463716,374.88914963360816,-0.09155758228228894,0.1377004809504987,-0.026622571155704655,0.4564377774844901,-0.007446605917171112,0.02322035411988621,0.030666960037057323,0.01567332888656675,0.028304708516879024,-0.004369900382110936
2024015,2024-04-15T09:00:00,2024,TEAM_04,TEAM_02,2,1,2024-04-15T06:00:00,0.9764867446124695,synthetic,3.701074301696028,synthetic,False,0.3197094002932195,0.40438381628223197,0.08467441598901249,0.08540539101085154,0.22949527860031715,0.3070086576709206,synthetic,False,3.5955713512157175,4.23127161254843,2.3819795978851968,6,synthetic,False,0.2746286251257133,46.78921786860844,11.305814924548336,107.94341275057363,27.299039284027547,491.86912698440494,4.404093019992441,synthetic,False,0.3119903981146852,0.3320367447330085,0.020046346618323274,0.08564594431636985,0.20764197908325321,0.28902847500471346,synthetic,False,4.2168290371529595,4.684308848597193,2.0114721606653423,8,synthetic,False,3.2062911561087084,21.585881418818488,9.594630572147517,78.67172894332948,22.68649295822368,559.2209645549933,0.7030187182964132,0.6212576859372421,0.4530372360487629,0.37050743721985446,0.007719002178534273,0.07234707154922349,0.06462806937068921,-0.00024055330551830956,0.02185329951706394,0.017980182666207156
2024016,2024-04-16T09:00:00,2024,TEAM_05,TEAM_01,7,6,2024-04-16T06:00:00,0.9705949920839142,synthetic,3.40180375412403,synthetic,False,0.340132753145857,0.4096754181821128,0.06954266503625578,0.09085477442224424,0.19663000983098977,0.3283688496097483,synthetic,False,3.7564062225737214,3.4153074425259957,2.984387216196054,6,synthetic,False,2.4104444884607217,29.883937139666497,7.722700858796222,109.95237138692863,33.386968324873344,452.99373656426906,4.382695113582381,synthetic,False,0.317312280116137,0.34705626658728284,0.029743986471145845,0.0751380217717348,0.21676582824128546,0.27355685913881245,synthetic,False,4.567063145067467,5.1924995357130355,1.804316034222591,7,synthetic,False,1.9436291064518914,33.949780026319374,9.698383111095627,141.4926851019194,34.549719770060356,585.0733152924441,0.9808913594583508,0.8106569224937452,1.7771920931870397,1.1800711819734628,0.022820473029720012,0.06261915159482995,0.039798678565109935,0.01571675265050944,-0.020135818410295686,0.05481199047093588
2024017,2024-04-17T09:00:00,2024,TEAM_01,TEAM_03,5,4,2024-04-17T06:00:00,1.0068460599577114,synthetic,4.532270340230485,synthetic,False,0.3042991748974433,0.341971212265511,0.037672037368067735,0.07228867636260952,0.21126858745775692,0.2715514504761548,synthetic,False,4.385820395403399,5.174744435698172,2.8328706910289174,9,synthetic,False,2.2890111000757245,35.77784878456968,7.644035283834104,81.8444232815529,34.5304587906382,498.96255106021874,4.233136443806112,synthetic,False,0.3115319745122044,0.38879200379904316,0.07726002928683878,0.07827141372389648,0.2225482631616803,0.2758907407145375,synthetic,False,4.452298682963293,4.433403663470708,2.054975206402291,6,synthetic,False,3.2877611315998725,62.40613906757049,9.718339622984264,72.64759693051488,27.50776153406452,491.1636412362197,-0.29913389642437327,0.06647828755989416,-0.7413407722274643,0.7778954846266264,-0.007232799614761087,-0.046820791533532136,-0.03958799191877105,-0.0059827373612869605,-0.01127967570392338,-0.004339290238382698
2024018,2024-04-18T09:00:00,2024,TEAM_02,TEAM_05,2,4,2024-04-18T06:00:00,1.021513242699036,synthetic,4.365785916242914,synthetic,False,0.299278381445988,0.3671374340186729,0.06785905257268487,0.07983616741846987,0.20722313114542695,0.2966441120471423,synthetic,False,4.329132143643732,4.484945746365487,2.3027363814909134,7,synthetic,False,2.1903510716319983,44.47766461207133,3.658168148209637,136.7880889440202,25.997184514385207,417.9770144948171,3.81900560612645,synthetic,False,0.31987184469951757,0.37347099034253867,0.053599145643021096,0.09304282307194113,0.1969145977384578,0.34490095143935906,synthetic,False,3.852544235797983,3.7582555236896447,2.989791652897336,8,synthetic,False,3.083982293951527,38.82674466552667,3.284621224771194,145.84632244915096,32.10864333108796,463.3418808987985,-0.5467803101164641,-0.4765879078457491,-0.7266902226758427,-0.6870552714064226,-0.020593463253529565,-0.0063335563238657855,0.01425990692966378,-0.013206655653471261,0.010308533406969161,-0.048256839392216755
2024019,2024-04-19T09:00:00,2024,TEAM_03,TEAM_02,7,4,2024-04-19T06:00:00,1.0163904515292845,synthetic,4.586468549383745,synthetic,False,0.31623890075772043,0.38092381747820553,0.0646849167204851,0.08948363230686074,0.20568892085725787,0.31810126287341234,synthetic,False,3.9706680994871815,4.5451156997593465,2.376388868899301,8,synthetic,False,2.34129409831427,66.65246297145694,5.698615632574647,103.79305635432286,26.054927567637627,480.92155207756696,4.03073551237353,synthetic,False,0.30469703250234564,0.3363208868607751,0.03162385435842946,0.08199617135151964,0.19558033019352147,0.2882184019090402,synthetic,False,4.373862472495521,4.871482366462098,2.2393846068230094,8,synthetic,False,2.300662092248278,53.753829041542986,8.450256134696017,100.55005541858709,25.156741232997735,493.2807548290371,-0.5557330370102145,0.4031943730083394,0.32636666670275183,0.13700426207629146,0.011541868255374788,0.044602930617430425,0.03306106236205564,0.007487460955341099,0.0101085906637364,0.02988286096437215
2024020,2024-04-20T09:00:00,2024,TEAM_04,TEAM_02,6,5,2024-04-20T06:00:00,0.9933396616481206,synthetic,3.5463090257178536,synthetic,False,0.3463251306996101,0.41543377911713847,0.0691086484175284,0.0899393128555104,0.2028867941212343,0.3176091056275311,synthetic,False,3.977741935993145,4.39748338299001,2.6006709611919683,9,synthetic,False,2.0381934564744104,33.14091616014889,5.111269038551082,89.00134487008866,16.858023442792486,469.7371591761647,4.956496071783176,synthetic,False,0.3320532894347031,0.3437304792047227,0.011677189770019636,0.08614912802933722,0.22606527619908268,0.26908949728873466,synthetic,False,4.3557975048153335,4.675506600727518,2.2500208503929926,6,synthetic,False,1.5364402705652827,46.194160286584236,4.377594155622239,138.82860495880547,31.12256337713345,356.2615103713624,1.4101870460653227,0.37805556882218827,0.27802321773750815,0.3506501107989757,0.014271841264906993,0.07170329991241575,0.05743145864750876,0.0037901848261731874,-0.023178482077848367,0.04851960833879643
2024021,2024-04-21T09:00:00,2024,TEAM_05,TEAM_01,1,4,2024-04-21T06:00:00,1.0216556300214632,synthetic,3.3871536984011508,synthetic,False,0.3238898058765195,0.41715433761361914,0.09326453173709964,0.08870017770881211,0.1840911684962572,0.34404111721257313,synthetic,False,3.671356898589888,4.294956588625366,2.670992181550453,7,synthetic,False,1.4390880436132611,43.51792161163249,7.794644660972941,107.43506823653946,28.17729167978709,356.46749090166617,4.892749798177313,synthetic,False,0.3161185877153129,0.3084911221474528,-0.007627465567860148,0.08574183422106071,0.17642840921576694,0.2799579858464658,synthetic,False,4.535987743610969,5.238871811990215,1.5501442052591374,9,synthetic,False,1.5062629382833295,59.430491941129915,3.6569909389027235,156.99872412982253,25.724489504788554,325.5703502168175,1.5055960997761622,0.8646308450210807,0.9439152233648489,1.1208479762913155,0.007771218161206572,0.10866321546616636,0.10089199730495979,0.002958343487751397,0.007662759280490261,0.06408313136610733
2024022,2024-04-22T09:00:00,2024,TEAM_01,TEAM_03,5,7,2024-04-22T06:00:00,0.9932276593232265,synthetic,4.955079786733595,synthetic,False,0.2934083886612395,0.35373534186665195,0.060326953205412426,0.07342088602593434,0.22852211962151245,0.28393387364676287,synthetic,False,4.352475220468395,5.4414801866397555,1.6414196780859738,9,synthetic,False,1.7983811592315495,22.606105567751904,7.689653719460751,83.93461792855285,15.098168956309056,386.524264686387,3.6452002650029933,synthetic,False,0.3174783913193248,0.3686361480051396,0.05115775668581479,0.07977270356784512,0.22901155721908184,0.28513042385120785,synthetic,False,4.264102891792393,4.485879853148367,2.1538110599089233,6,synthetic,False,2.8153026299415123,26.607537393391897,9.31612568703597,84.71640583706807,24.568169320674123,371.0461270018331,-1.3098795217306018,-0.08837232867600164,-0.9556003334913887,-0.5123913818229495,-0.024070002658085288,-0.014900806138487654,0.009169196519597633,-0.006351817541910776,-0.0004894375975693921,-0.0011965502044449794
2024023,2024-04-23T09:00:00,2024,TEAM_02,TEAM_05,6,8,2024-04-23T06:00:00,1.007595935640939,synthetic,4.383883574302164,synthetic,False,0.310456122426087,0.381731689632948,0.07127556720686101,0.08323033024902457,0.207936632656962,0.2938983205866015,synthetic,False,4.362385416634511,4.918790410682,2.0779908136522187,7,synthetic,False,4.296586682970851,21.554300671660737,9.03971378611071,63.31169400161875,27.08636579114312,533.1312120706548,3.6868271868508464,synthetic,False,0.34110625078539797,0.39891190956154465,0.057805658776146684,0.09158628320293133,0.1939752462151597,0.33837733624877014,synthetic,False,3.6135058480171613,3.818543534583796,2.479834879440808,6,synthetic,False,1.793718179315316,21.23610499852521,8.281450052177792,138.90502112097886,27.158302221182588,487.3877869546499,-0.6970563874513176,-0.7488795686173493,-1.100246876098204,-0.40184406578858933,-0.03065012835931097,-0.01718021992859664,0.013469908430714328,-0.008355952953906759,0.013961386441802281,-0.044479015662168664
2024024,2024-04-24T09:00:00,2024,TEAM_03,TEAM_02,5,2,2024-04-24T06:00:00,1.0327061651719978,synthetic,4.124368794562902,synthetic,False,0.31969178171870355,0.4248547470842544,0.10516296536555086,0.08228829412087896,0.19700946746655476,0.2903329183334554,synthetic,False,4.358502455862527,4.488149045353252,2.6868034763691218,6,synthetic,False,1.4890689047842796,62.020545829661984,8.751351143192307,82.79919824961466,34.88591420128862,464.40980262746444,4.447145087624987,synthetic,False,0.3337021880562178,0.3758673601089335,0.042165172052715694,0.08163150154937582,0.20107639860773613,0.297405521958456,synthetic,False,4.6154626098267695,4.806811038563393,1.933004093839719,6,synthetic,False,2.729929854166074,41.88321942780579,4.833051362531598,76.37381710895025,28.825766894048847,219.85837637112334,0.322776293062085,0.25696015396424254,0.3186619932101413,0.7537993825294027,-0.01401040633751427,0.0489873869753209,0.06299779331283517,0.0006567925715031397,-0.004066931141181368,-0.007072603625000562
2024025,2024-04-25T09:00:00,2024,TEAM_04,TEAM_02,4,1,2024-04-25T06:00:00,0.9922744408700938,synthetic,3.711828901436915,synthetic,False,0.338794842142519,0.3898555508577198,0.0510607087152008,0.08888248892091687,0.2098420383710406,0.3088882297205092,synthetic,False,3.914361070918855,4.508794209574441,2.618377852767514,8,synthetic,False,3.260037491790335,73.66311802776656,5.973121365378679,79.24637320819377,21.028324457524402,464.53319249113275,4.589418421595426,synthetic,False,0.3188225665964742,0.35278677311607165,0.03396420651959747,0.08640120375997437,0.1943035426681935,0.3023303160520017,synthetic,False,4.759737395594224,5.640103448098953,2.3449324406973227,7,synthetic,False,2.1071402311044407,14.036586862610939,6.294561273939555,88.12024752593877,18.76497711792492,544.1769956496737,0.8775895201585113,0.8453763246753692,1.131309238524512,0.27344541207019146,0.019972275546044804,0.03706877774164813,0.017096502195603325,0.002481285160942495,0.0155384957028471,0.006557913668507498
2024026,2024-04-26T09:00:00,2024,TEAM_05,TEAM_01,5,7,2024-04-26T06:00:00,0.9798868342443796,synthetic,3.501596096915838,synthetic,False,0.3490455068223934,0.40841793186348613,0.05937242504109275,0.09458416362814841,0.19464794842585978,0.3079115131268602,synthetic,False,3.7244617773169884,3.4275800420393487,2.6315314296800794,9,synthetic,False,2.026354056346887,22.421919412659346,7.431050269930735,123.66632945270557,15.219959969703105,346.3656505390374,4.864033890245931,synthetic,False,0.31447058729395744,0.3402338515048043,0.025763264210846848,0.07955068830299841,0.22526888670432565,0.2778483316134599,synthetic,False,4.884268239747725,4.846649974545124,1.8011966546996487,6,synthetic,False,3.067819782909657,46.12166357028621,8.758808012204401,126.08808820675571,30.09381975173721,422.0944399718275,1.362437793330093,1.159806462430737,1.4190699325057752,0.8303347749804306,0.03457491952843594,0.06818408035868184,0.0336091608302459,0.015033475325149995,-0.030620938278465876,0.030063181513400317
2024027,2024-04-27T09:00:00,2024,TEAM_01,TEAM_03,6,8,2024-04-27T06:00:00,1.058446127979304,synthetic,4.243719666876191,synthetic,False,0.32603492856014554,0.3656198571528207,0.03958492859267515,0.06831308462702328,0.20443416603337547,0.2772311401295322,synthetic,False,4.882968573092458,4.782113109103488,2.41026455809389,8,synthetic,False,1.8018466422451662,46.38218360077228,8.280909864107764,137.38663406456268,30.556190222844734,429.89339655111377,4.287027502902755,synthetic,False,0.32240790740684916,0.38612856945826085,0.06372066205141169,0.0856452050803218,0.20758117762982842,0.31061903804060254,synthetic,False,4.44313495189569,4.594300988680692,2.107262204517688,9,synthetic,False,2.6676712580627098,42.551715441668094,7.886363159626397,190.40228452135247,23.381136107293823,446.67167643440195,0.04330783602656396,-0.43983362119676794,-0.18781212042279627,0.30300235357620187,0.0036270211532963836,-0.020508712305440158,-0.02413573345873654,-0.01733212045329853,-0.0031470115964529477,-0.03338789791107033
2024028,2024-04-28T09:00:00,2024,TEAM_02,TEAM_05,5,9,2024-04-28T06:00:00,1.0311802855285612,synthetic,4.344148998315187,synthetic,False,0.3210408922232005,0.3586214965919263,0.037580604368725845,0.07969085158914026,0.2119872069247599,0.3148276078906863,synthetic,False,4.681576015576932,4.751683191908252,2.1415104068221984,6,synthetic,False,5.303985107279386,49.30780239107249,6.0610369080429045,100.47782337030986,21.2866004273433,485.2427016892591,3.4479743579898927,synthetic,False,0.3406736247565649,0.4078568438601112,0.0671832191035463,0.09578895444764561,0.18683907088539173,0.3440134299857986,synthetic,False,3.541106928464246,3.9985040575135584,2.8097596939292924,9,synthetic,False,1.7905462709026725,53.8397574734623,6.0122781458087315,105.83230201162212,21.28023237638999,512.5868761489023,-0.8961746403252939,-1.1404690871126864,-0.7531791343946934,-0.668249287107094,-0.019632732533364394,-0.04923534726818485,-0.029602614734820454,-0.016098102858505353,0.025148136039368163,-0.02918582209511228
2024029,2024-04-29T09:00:00,2024,TEAM_03,TEAM_02,2,4,2024-04-29T06:00:00,0.9796652396913331,synthetic,4.937541789506843,synthetic,False,0.30790773896089846,0.37170922154421204,0.06380148258331358,0.08130294949495287,0.19479016453140768,0.2929675479859483,synthetic,False,3.980604188099072,4.295121427580622,2.450512710261224,9,synthetic,False,3.0810286647636556,51.12365522621204,8.706013706853353,110.42432295845965,36.60571701316834,432.58233373615735,3.9285042692650576,synthetic,False,0.3077762425423379,0.3416709461974993,0.03389470365516145,0.08190400777490786,0.20753833731135998,0.30488576023707675,synthetic,False,4.352893575525135,5.343824139340181,2.3878295084339003,7,synthetic,False,1.6689265120578969,27.013681738703802,7.573610998193909,127.363221329219,16.718442164427714,401.47697328628493,-1.0090375202417858,0.3722893874260631,1.0487027117595584,0.06268320182732356,0.0001314964185605838,0.030038275346712717,0.029906778928152133,-0.0006010582799549913,-0.0127481727799523,-0.011918212251128435
2024030,2024-04-30T09:00:00,2024,TEAM_04,TEAM_02,8,6,2024-04-30T06:00:00,1.0395707361693334,synthetic,3.6989301490620807,synthetic,False,0.330431408064272,0.3986344004249809,0.06820299236070887,0.09182874949530341,0.21397027445941044,0.32892717942948024,synthetic,False,3.956413069118188,4.000345331359625,2.7132534749232566,8,synthetic,False,3.3903934769661723,58.67336545849557,10.083372931317346,177.12794810831448,21.667919306702807,416.04236569993833,4.453157755053225,synthetic,False,0.31681926431467494,0.3613132674470175,0.044494003132342586,0.07288662798061359,0.21011215335234804,0.28608339041621605,synthetic,False,4.277911085113022,4.670097718261669,1.8401024962466974,7,synthetic,False,2.8342983603768976,45.41474442890394,8.658563942641866,189.76177675894638,27.386447656054234,451.38113252980975,0.7542276059911446,0.32149801599483396,0.6697523869020436,0.8731509786765592,0.013612143749597072,0.037321132977963356,0.023708989228366284,0.018942121514689825,0.0038581211070624066,0.04284378901326419
2024031,2024-05-01T09:00:00,2024,TEAM_05,TEAM_01,3,2,2024-05-01T06:00:00,0.9946431264361384,synthetic,3.2914256616186752,synthetic,False,0.3289605592853136,0.40829621941810207,0.07933566013278848,0.09085884551973568,0.18616992192268048,0.3243160894763548,synthetic,False,3.733756695321725,4.350281501177537,2.2918982546901483,6,synthetic,False,3.092296911938037,33.071702069621416,4.335665967746165,98.91667595040454,25.726477815753643,502.42540674128645,4.459757047036496,synthetic,False,0.30975480118488524,0.37315260387810817,0.06339780269322293,0.06431239595926848,0.2254054340152668,0.28785356409455043,synthetic,False,4.394387356948391,4.996198422709928,2.3153759174391535,7,synthetic,False,3.1509243808935405,4.963352132320303,5.930441505688018,126.28435900995169,25.025100569401065,450.8208047317578,1.168331385417821,0.6606306616266657,0.6459169215323914,-0.0234776627490052,0.01920575810042835,0.0351436155399939,0.01593785743956555,0.0265464495604672,-0.03923551209258633,0.03646252538180439
2024032,2024-05-02T09:00:00,2024,TEAM_01,TEAM_03,7,6,2024-05-02T06:00:00,0.9777494812559099,synthetic,4.233025636886265,synthetic,False,0.3060451875114518,0.3684946266665012,0.06244943915504936,0.07205731648469714,0.2205752967614589,0.24150708187162645,synthetic,False,4.917098324316827,4.924403441703546,1.606573491186459,6,synthetic,False,2.053462206971622,11.253708429936065,9.970494776620544,122.41402333785386,31.524702444788627,435.7719006414524,4.2783965581394074,synthetic,False,0.3286300924771452,0.397554789614578,0.06892469713743282,0.0986645826913366,0.21665207603151024,0.325980730753445,synthetic,False,3.854915170538616,4.556331530347617,2.7108102419608437,6,synthetic,False,2.1733950169409004,61.63911112301004,9.35548479910241,201.74804054606165,22.24999131875744,376.9449567699681,0.04537092125314235,-1.0621831537782107,-0.368071911355929,-1.1042367507743847,-0.022584904965693375,-0.02906016294807684,-0.006475257982383464,-0.02660726620663946,0.003923220729948662,-0.08447364888181857
2024033,2024-05-03T09:00:00,2024,TEAM_02,TEAM_05,2,1,2024-05-03T06:00:00,1.0021165320183192,synthetic,3.6764508584113518,synthetic,False,0.3134530052627687,0.3796484450745983,0.06619543981182957,0.07884066892696455,0.23222457420234932,0.3008598857782196,synthetic,False,4.473343953178966,5.091860169314448,2.4179221929679775,9,synthetic,False,3.9687846319035627,43.89502960211841,8.49224141617757,133.35632094315136,24.558572709363407,445.3736739193508,4.175628148935351,synthetic,False,0.3366960305790456,0.4165503680713585,0.07985433749231285,0.09894667370521666,0.21068303937133134,0.34283383946107854,synthetic,False,3.8129291044298412,3.085813953964924,2.0441577224130842,6,synthetic,False,4.069937230941231,45.71158193909217,9.499348039743978,94.03455471638742,18.237462633499728,434.55657881058755,0.49917729052399906,-0.6604148487491246,-2.0060462153495244,0.37376447055489326,-0.023243025316276922,-0.036901922996760206,-0.013658897680483284,-0.020106004778252112,0.021541534831017978,-0.041973953682858944
2024034,2024-05-04T09:00:00,2024,TEAM_03,TEAM_02,1,2,2024-05-04T06:00:00,1.019722697084581,synthetic,4.9248820497690335,synthetic,False,0.3333452554736906,0.40389097490553977,0.07054571943184917,0.09006362134932014,0.2227535457262263,0.30735979413791586,synthetic,False,4.202482081774813,3.6808335423136476,2.593520712998951,6,synthetic,False,2.4236340495106696,31.93168411196299,10.504058503686261,145.23316747760347,29.257703103219797,461.62009848407286,4.439570209285405,synthetic,False,0.3197755628252751,0.3516666775504183,0.03189111472514322,0.0686813481274966,0.2108009735641403,0.31919870142515316,synthetic,False,4.550997564068036,5.063242598948882,2.640999545499684,9,synthetic,False,1.6019764067061222,37.36375944080369,8.46066859176276,200.4890450100075,33.400496018569584,498.95478714987854,-0.48531184048362874,0.34851548229322216,1.3824090566352347,-0.04747883250073315,0.01356969264841551,0.05222429735512146,0.03865460470670595,0.02138227322182354,0.011952572162086006,-0.011838907287237299
2024035,2024-05-05T09:00:00,2024,TEAM_04,TEAM_02,2,5,2024-05-05T06:00:00,0.9825610698350923,synthetic,3.541814846014379,synthetic,False,0.32981563649019696,0.39493399691796544,0.06511836042776847,0.09775747253473685,0.19674363236448386,0.313013694056545,synthetic,False,3.4201875903568464,4.336555626681864,2.5427893073313244,7,synthetic,False,2.3262960041822316,55.645449308555264,4.434270243294586,105.97255902641483,29.420189565586906,368.94364184917237,3.999534121404408,synthetic,False,0.3244855534325674,0.3932157033479477,0.06873014991538029,0.08153002875414198,0.1854698528183656,0.30152318987587434,synthetic,False,4.646492436674704,4.059039241503109,1.903760852577352,9,synthetic,False,1.4401607142330348,35.92943972672496,7.13340488714548,102.02954423802011,28.943516391075754,381.5447966155875,0.457719275390029,1.2263048463178574,-0.277516385178755,0.6390284547539724,0.005330083057629553,0.001718293570017737,-0.003611789487611816,0.016227443780594875,0.011273779546118273,0.011490504180670658
2024036,2024-05-06T09:00:00,2024,TEAM_05,TEAM_01,4,5,2024-05-06T06:00:00,0.9581005313440899,synthetic,3.30753683252696,synthetic,False,0.32292503700952563,0.41423319720160284,0.09130816019207721,0.08927247471649186,0.1685336536632378,0.35765948629038924,synthetic,False,3.67607128180765,3.6046380897607673,2.199166416432007,6,synthetic,False,3.7099696431057,64.7082105194234,6.010034122548717,102.40533949292376,29.081176982766564,240.46751522910174,4.228865768338444,synthetic,False,0.30779266599149285,0.38889803019032426,0.08110536419883141,0.07598561947099956,0.21421124150082185,0.2763241213759236,synthetic,False,4.9734473181410035,5.617409656647352,1.9849489828799722,8,synthetic,False,4.422055221342843,18.644811596937146,9.555162141107644,90.432218496801,26.512361835515783,396.8035714449794,0.9213289358114842,1.2973760363333535,2.0127715668865847,0.21421743355203482,0.015132371018032775,0.02533516701127858,0.010202795993245806,0.013286855245492293,-0.04567758783758405,0.08133536491446564
2025001,2025-04-01T09:00:00,2025,TEAM_01,TEAM_02,7,5,2025-04-01T06:00:00,1.0004032353819001,synthetic,4.474731460255683,synthetic,False,0.3133641436425375,0.37891970790692825,0.06555556426439074,0.07782158278086898,0.21384135790479858,0.2947556951177809,synthetic,False,4.832793516572762,4.5399334294454645,2.235802929117924,8,synthetic,False,2.223895809440418,35.67069117330996,9.03793174314749,147.39222923627628,23.32456423311644,384.76279923024634,4.601516634701052,synthetic,False,0.3095241575926534,0.3656103882157297,0.05608623062307633,0.08233755660421062,0.2209512642178671,0.27036763545474507,synthetic,False,4.318850345955115,3.9951654382892654,1.7921760799881599,7,synthetic,False,1.2868322818000628,40.526227862081456,5.12223969280479,100.21459624554268,22.12957057508975,381.9619104364005,0.1267851744453692,-0.5139431706176474,-0.5447679911561991,0.44362684912976413,0.0038399860498841143,0.013309319691198529,0.009469333641314415,-0.0045159738233416374,-0.007109906313068515,0.02438805966303581
2025002,2025-04-02T09:00:00,2025,TEAM_02,TEAM_04,4,2,2025-04-02T06:00:00,1.0121113359812106,synthetic,4.320912641437365,synthetic,False,0.3134676734337698,0.3788994364591351,0.0654317630253653,0.08530501444011375,0.19810858992679278,0.30016399297838836,synthetic,False,4.479120188903558,3.928933150967941,2.398644772587606,8,synthetic,False,4.416526996140106,28.900184841023194,7.934880830606523,120.88943285335537,25.49851166278296,406.4258373996439,3.8799894084026523,synthetic,False,0.340679587434637,0.4217992522529454,0.0811196648183084,0.08818649853297506,0.21078379286605958,0.3121321186664221,synthetic,False,3.8545582634333044,4.428084408454182,2.85719798082644,6,synthetic,False,4.81064087739324,41.04665779245773,3.1149130183851828,105.00973906941049,32.15937567144652,456.48075902689334,-0.44092323303471304,-0.6245619254702532,0.4991512574862407,-0.45855320823883394,-0.0272119140008672,-0.0428998157938103,-0.015687901792943104,-0.0028814840928613056,-0.0126752029392668,-0.011968125688033737
2025003,2025-04-03T09:00:00,2025,TEAM_03,TEAM_01,7,5,2025-04-03T06:00:00,0.9783664291974541,synthetic,4.490963052486318,synthetic,False,0.33419423676646987,0.41239060814926526,0.0781963713827954,0.08715277650343753,0.21586311281792744,0.33389474696586563,synthetic,False,4.173218231728554,4.189488715954348,2.4148614028968063,6,synthetic,False,2.72374001441139,33.61574958528057,7.521965785164802,166.51581455079915,28.77620037139712,286.6395130202156,4.689731552158677,synthetic,False,0.32842293792704713,0.3571516564867008,0.028728718559653643,0.06779712784959492,0.23571658662507053,0.279200151694851,synthetic,False,4.860598127453199,4.855495499415521,2.3147055789375206,9,synthetic,False,2.058016599773808,61.372102792255816,8.584390571448512,129.58513969010784,26.727574026677978,401.87739724643666,0.19876849967235888,0.6873798957246446,0.6660067834611727,0.10015582395928568,0.005771298839422734,0.055238951662564484,0.04946765282314175,0.019355648653842608,-0.019853473807143085,0.05469459527101461
2025004,2025-04-04T09:00:00,2025,TEAM_04,TEAM_03,3,1,2025-04-04T06:00:00,1.0568247956494847,synthetic,3.3958609644875413,synthetic,False,0.33834440122892473,0.4083622899052087,0.07001788867628395,0.0910814469150706,0.20589274043541644,0.3221621862254364,synthetic,False,3.9498649054156134,4.435618946534934,2.3838659317554467,6,synthetic,False,4.6206396987758325,15.240382687273076,8.499576208591598,69.94757674366477,25.458833308385135,382.4779386134359,3.5661920769296342,synthetic,False,0.3288903759043376,0.3781593148805405,0.04926893897620288,0.07240476194463254,0.21507481708929102,0.31502539016912057,synthetic,False,4.608751544497234,4.921543519803801,2.3638174415731346,6,synthetic,False,3.928156620895797,69.91813736544157,9.76713740575125,92.81233433087617,27.00672426607461,447.96371082185715,0.17033111244209298,0.6588866390816204,0.48592457326886684,0.02004849018231214,0.009454025324587112,0.030202975024668177,0.020748949700081065,0.018676684970438062,-0.009182076653874577,0.007136796056315842
2025005,2025-04-05T09:00:00,2025,TEAM_05,TEAM_02,8,6,2025-04-05T06:00:00,1.0294738644647912,synthetic,3.729182126424222,synthetic,False,0.3541341308144176,0.4122924651423167,0.05815833432789913,0.09096069005609708,0.20157525668097168,0.35332826380037113,synthetic,False,3.606043338003892,3.5826786844679646,3.1217027028599555,7,synthetic,False,3.5679988045538646,41.60864039030366,8.179617148980862,136.26677782248697,30.97175234062159,421.20386513973915,4.844845358684542,synthetic,False,0.3208941283975993,0.38423531690445156,0.06334118850685228,0.07680042445077653,0.234903908128458,0.2746853986430384,synthetic,False,4.587456230801242,4.889549098870785,1.9231893930762696,6,synthetic,False,3.8378836879187306,47.59025789268168,3.672440530342148,154.1869877984984,23.281085978236383,520.8487739407534,1.11566323226032,0.9814128927973496,1.3068704144028205,1.198513309783686,0.03324000241681829,0.028057148237865148,-0.005182854178953145,0.014160265605320549,-0.03332865144748631,0.07864286515733271
2025006,2025-04-06T09:00:00,2025,TEAM_01,TEAM_02,8,6,2025-04-06T06:00:00,1.0166073075513908,synthetic,4.498701968160694,synthetic,False,0.3006715319216606,0.35746302843283406,0.05679149651117349,0.08356303679772734,0.1970294729686381,0.27595830362406193,synthetic,False,4.272991350027726,5.168302324465328,1.872332196123915,7,synthetic,False,1.9210206856480179,42.87892325390159,9.360755715245784,98.0918648467262,34.28688060116248,363.65829818651497,4.258734295556152,synthetic,False,0.333173575518978,0.3768062827425505,0.04363270722357249,0.07848785162593055,0.20713840242583287,0.28576489549021644,synthetic,False,4.8082683943855145,5.1531709868689894,2.1572698569762676,7,synthetic,False,2.690156827667573,27.220158231734437,7.388629894700012,122.16500867400272,31.701047394683677,505.5568771233401,-0.23996767260454277,0.5352770443577883,-0.015131337596338668,-0.2849376608523526,-0.032502043597317454,-0.01934325430971645,0.013158789287601003,0.005075185171796781,-0.01010892945719477,-0.009806591866154513
2025007,2025-04-07T09:00:00,2025,TEAM_02,TEAM_04,1,3,2025-04-07T06:00:00,0.9883904901951138,synthetic,4.2861472343004365,synthetic,False,0.32368640151737404,0.37141768322735413,0.04773128170998009,0.07598360853356828,0.19751795944544423,0.3201649573145764,synthetic,False,4.8317646740077755,4.585252482299846,2.0159091217855267,8,synthetic,False,4.992676723018242,26.081812085387533,3.704371000200447,161.88429406990423,21.86595447303463,413.4470226920325,3.6859429010735565,synthetic,False,0.33488162780955316,0.37989034827065665,0.04500872046110349,0.08712035947270017,0.20639778391867838,0.31793664032962055,synthetic,False,3.7779227784314346,3.914970589623939,2.101355369732117,8,synthetic,False,2.177439017201254,44.900744638446426,6.700902116823143,113.58732871911654,25.900491645467074,365.81924031757643,-0.60020433322688,-1.053841895576341,-0.6702818926759071,-0.08544624794659006,-0.011195226292179117,-0.008472665043302519,0.0027225612488765982,-0.011136750939131884,-0.008879824473234155,0.002228316984955847
2025008,2025-04-08T09:00:00,2025,TEAM_03,TEAM_01,4,1,2025-04-08T06:00:00,1.0100077477077418,synthetic,4.2858555048137585,synthetic,False,0.32260382844565355,0.3915787722106931,0.06897494376503954,0.09439467718721953,0.21110391451621718,0.32726009240632614,synthetic,False,3.80664636529758,4.558898471006436,2.283521149000569,9,synthetic,False,1.9098844588480541,19.23137344764362,7.78233803766528,67.54922165686426,24.80114493553204,511.5131696984127,4.215266386391042,synthetic,False,0.297805032040861,0.3424234195870916,0.0446183875462306,0.07822008084173425,0.20861139857224548,0.2913338212449604,synthetic,False,5.0397840954240225,5.214021915182095,2.0336890943031656,7,synthetic,False,2.9932297769848275,29.208282314986,9.214420707113224,87.52662811486476,30.176884969511153,503.9606876589123,-0.07058911842271698,1.2331377301264426,0.6551234441756595,0.24983205469740355,0.024798796404792545,0.04915535262360149,0.024356556218808945,0.01617459634548528,0.002492515943971707,0.035926271161365764
2025009,2025-04-09T09:00:00,2025,TEAM_04,TEAM_03,1,3,2025-04-09T06:00:00,0.9786765545551932,synthetic,3.0487748563718116,synthetic,False,0.3352225821848546,0.3949596280388835,0.05973704585402889,0.08789623132165805,0.2094783901547739,0.3208203626084447,synthetic,False,4.011307769608818,3.760927600172095,2.5502666452242475,6,synthetic,False,2.761919367285068,59.62990471869685,5.327930893931705,127.44671414111035,32.4496484930912,284.9041377297103,4.200301070618416,synthetic,False,0.31914621498026957,0.37832721307948414,0.059180998099214566,0.07957115498071347,0.20296539141159467,0.29362545996529643,synthetic,False,4.7103139036067265,3.9574493735879757,1.9594196289509487,7,synthetic,False,4.327418286628101,35.60256471165941,7.448721879304651,109.51372882570656,21.277885607984544,397.36370150391735,1.151526214246604,0.6990061339979086,0.19652177341588084,0.5908470162732988,0.01607636720458505,0.016632414959399378,0.0005560477548143261,0.008325076340944579,0.0065129987431792324,0.027194902643148278
2025010,2025-04-10T09:00:00,2025,TEAM_05,TEAM_02,9,6,2025-04-10T06:00:00,0.9893108908851969,synthetic,3.7313207488572724,synthetic,False,0.33108477227333627,0.37702538250076806,0.04594061022743179,0.0975170655059878,0.2109211141597226,0.3332651397239722,synthetic,False,4.071513062761975,3.75554716277315,2.934929666097437,7,synthetic,False,2.2063625287029556,17.094850878109366,7.727750388284025,155.4492988163195,20.012058554829213,462.9069536256983,4.542831674637434,synthetic,False,0.3253014826323234,0.3886955589949421,0.06339407636261873,0.0776332085484479,0.18959648719802064,0.28961194535063645,synthetic,False,4.33662011857928,4.951194561134453,1.9617870028427074,6,synthetic,False,0.7786496580753617,71.04236087281502,9.15142728285062,145.8667754195177,30.83862693389737,458.25312711575515,0.811510925780162,0.265107055817305,1.1956473983613027,0.9731426632547298,0.005783289641012879,-0.011670176494174067,-0.017453466135186946,0.0198838569575399,0.021324626961701953,0.04365319437333576
2025011,2025-04-11T09:00:00,2025,TEAM_01,TEAM_02,6,8,2025-04-11T06:00:00,1.0069583234892625,synthetic,5.4877274112362,synthetic,False,0.3161591203129944,0.35265159205567415,0.03649247174267972,0.08139298064499768,0.2008695729857242,0.2914151960567145,synthetic,False,5.066126679647307,4.648625816467502,2.3097932889229402,8,synthetic,False,2.694469991819638,43.17283335769624,7.387117806225786,104.12234684324743,23.75258285115148,525.9692780238202,4.419609742848157,synthetic,False,0.3099420373061723,0.3637066432564928,0.05376460595032051,0.08840222408418336,0.21710727959797374,0.30522707458242126,synthetic,False,4.610082294558064,4.549867580381574,1.9769316625148055,6,synthetic,False,2.3403859686542257,58.51687179826793,9.248555357838129,91.5607947755251,21.72236773545712,423.1526614610057,-1.0681176683880436,-0.4560443850892426,-0.09875823608592782,0.33286162640813477,0.006217083006822111,-0.011055051200818677,-0.017272134207640788,-0.007009243439185672,-0.016237706612249547,-0.013811878525706756
2025012,2025-04-12T09:00:00,2025,TEAM_02,TEAM_04,2,6,2025-04-12T06:00:00,1.0145098991214652,synthetic,4.064707867159519,synthetic,False,0.3114566900647446,0.36644028847484367,0.05498359841009909,0.07927694993937867,0.2025944487240895,0.2767255966120419,synthetic,False,4.471801765094092,4.4526605516792985,2.4039608837568327,7,synthetic,False,3.443174310022669,18.34824805977469,8.097836305168302,142.95534453001463,20.843989657802076,415.68799361365967,3.817445339313098,synthetic,False,0.35062150658568264,0.43164092866622633,0.08101942208054369,0.0782138616400188,0.23092712406873586,0.3363869717320922,synthetic,False,3.8011935697116694,4.503235653014599,2.231292931947458,7,synthetic,False,3.0932677938390993,41.279460091742976,8.608660009264781,129.1508413737994,31.981697426851234,420.65496573595465,-0.2472625278464209,-0.6706081953824228,0.05057510133530041,0.17266795180937455,-0.03916481652093806,-0.06520064019138266,-0.026035823670444602,0.001063088299359874,-0.02833267534464637,-0.05966137512005032
2025013,2025-04-13T09:00:00,2025,TEAM_03,TEAM_01,5,1,2025-04-13T06:00:00,0.9669451008478138,synthetic,4.354907750409849,synthetic,False,0.318354133277414,0.3661852699348275,0.04783113665741345,0.0815936671404838,0.19755014337183294,0.3078281759465464,synthetic,False,4.446549817163229,4.7415944176029186,2.7792757056473056,7,synthetic,False,2.843398916400539,29.84973165531136,10.65075329887108,120.10846211811935,26.630825982154875,389.52962307950736,4.500858708636785,synthetic,False,0.29591360569684705,0.3723916298240312,0.07647802412718413,0.07389959367662029,0.24971437474796188,0.2915419420185882,synthetic,False,4.418481604346881,4.439916133756522,2.4487940436901887,9,synthetic,False,2.664589656943222,52.15587872299639,3.8129051650825807,100.99714208355523,20.631921354312166,272.8715612539089,0.14595095822693605,-0.02806821281634786,-0.30167828384639694,0.3304816619571169,0.02244052758056697,-0.006206359889203705,-0.028646887469770677,0.007694073463863513,-0.05216423137612894,0.016286233927958194
2025014,2025-04-14T09:00:00,2025,TEAM_04,TEAM_03,2,5,2025-04-14T06:00:00,0.9878752568934569,synthetic,3.699585737676243,synthetic,False,0.3238871416404892,0.40413535303972725,0.08024821139923805,0.09003348115141488,0.21172558495122545,0.3227731423998732,synthetic,False,4.218095933178169,4.559284476276483,2.621040070245001,6,synthetic,False,2.7416566973910257,36.644891041326815,6.83511493132046,96.65568965177107,28.10808414954915,407.94886194361334,3.964311349821706,synthetic,False,0.3183775518067541,0.3632128228999098,0.044835271093155715,0.0908730480474232,0.20594341203438143,0.30215371666287877,synthetic,False,4.034299995106682,4.682991712360707,1.9280498118963303,9,synthetic,False,3.621222289219133,34.40644816694219,6.682201819582421,123.2765806308245,31.712946113950576,416.50279681497335,0.2647256121454631,-0.18379593807148709,0.12370723608422374,0.6929902583486709,0.005509589833735118,0.04092253013981745,0.03541294030608233,-0.000839566896008323,0.0057821729168440195,0.020619425736994434
2025015,2025-04-15T09:00:00,2025,TEAM_05,TEAM_02,2,4,2025-04-15T06:00:00,0.9966974696796719,synthetic,4.078618712028251,synthetic,False,0.33938880278002115,0.36876936103782404,0.02938055825780289,0.09354418983293405,0.22033517350712273,0.3213233574046595,synthetic,False,4.203980072136347,4.560834001064798,2.9836457187930336,9,synthetic,False,2.8242893994169247,22.63276114016428,6.211088470234568,101.03635238172792,30.49277640071308,475.05393412522415,4.52750952421263,synthetic,False,0.30429578581944616,0.367390490188905,0.06309470436945885,0.07732330110234366,0.2194361090803339,0.2866269281281617,synthetic,False,4.764546213204296,5.00973495511081,1.3481400633131562,8,synthetic,False,0.8330381018699458,65.74603164931534,6.697490121360352,98.72753683378151,34.21330146718117,509.8869959116245,0.4488908121843789,0.560566141067949,0.44890095404601205,1.6355056554798775,0.035093016960574985,0.0013788708489190227,-0.03371414611165596,0.016220888730590396,0.0008990644267888315,0.0346964292764978
2025016,2025-04-16T09:00:00,2025,TEAM_01,TEAM_02,2,6,2025-04-16T06:00:00,0.9803935372771205,synthetic,4.81360558354849,synthetic,False,0.32660047281319604,0.36860441363627006,0.042003940823074015,0.08295617419823485,0.22703124130884206,0.28027603743473745,synthetic,False,4.397580999743895,5.144201662365916,1.2351714412681702,8,synthetic,False,1.5818823884813145,51.499571657481304,7.727599130680593,127.71536792244558,35.75471741343346,319.8182788855141,4.442318660828557,synthetic,False,0.3208443552281382,0.35974708390230997,0.03890272867417177,0.08196996047049766,0.18980060799098786,0.32563960230689903,synthetic,False,4.822476554318757,4.401434906614349,2.1602577028247634,7,synthetic,False,3.628053565399183,42.14715409614153,7.43851233547894,103.89509067011775,26.595619646831388,438.8499020810536,-0.3712869227199329,0.42489555457486183,-0.7427667557515667,-0.9250862615565931,0.0057561175850578405,0.008857329733960084,0.0031012121489022437,0.0009862137277371896,0.0372306333178542,-0.04536356487216159
2025017,2025-04-17T09:00:00,2025,TEAM_02,TEAM_04,3,2,2025-04-17T06:00:00,1.0589942983582403,synthetic,4.414987563559232,synthetic,False,0.3116990113394289,0.4143939532530671,0.1026949419136382,0.0812616153805303,0.2275427858203587,0.27870090299696626,synthetic,False,4.421094417298078,4.7307506745372185,2.0358782224396403,6,synthetic,False,4.186003830959867,46.55172444282034,10.267440722385999,141.8626024162905,34.13700669732343,410.57183370212084,4.519262358982505,synthetic,False,0.32734603797085876,0.38320368698444196,0.0558576490135832,0.08093968290186579,0.22897229605869682,0.3402863177562289,synthetic,False,4.234861893154474,4.043057743316893,2.736307655535335,6,synthetic,False,4.566127471375591,18.23467467616142,6.969279783371491,107.6618370977724,16.13158661795699,494.52454035847705,0.10427479542327323,-0.18623252414360358,-0.6876929312203259,-0.7004294330956946,-0.01564702663142986,0.031190266268625144,0.046837292900055005,0.0003219324786645078,-0.001429510238338122,-0.06158541475926266
2025018,2025-04-18T09:00:00,2025,TEAM_03,TEAM_01,8,5,2025-04-18T06:00:00,1.0050212574318982,synthetic,4.05109176628827,synthetic,False,0.3207884701734285,0.38713595505503196,0.06634748488160347,0.09092348411790047,0.19819944369627818,0.31530095053373247,synthetic,False,4.092259600716967,4.770016244584478,1.7365815210985538,7,synthetic,False,4.101235863827211,49.430852529261,5.9756081379255015,116.71730062571555,26.06618336400835,470.1800020210123,4.369686249439539,synthetic,False,0.3021905086132954,0.365913203587541,0.0637226949742456,0.0780009925170273,0.21986231019164051,0.2996821706712846,synthetic,False,4.382623150660101,5.004995036694964,2.136045564144785,9,synthetic,False,2.739111739761592,41.46586235894446,5.830297694456997,119.76804363436656,32.29852926440203,406.0728620049906,0.31859448315126926,0.29036354994313385,0.23497879211048556,-0.39946404304623107,0.018597961560133103,0.021222751467490975,0.0026247899073578718,0.012922491600873165,-0.021662866495362337,0.015618779862447862
2025019,2025-04-19T09:00:00,2025,TEAM_04,TEAM_03,4,1,2025-04-19T06:00:00,0.9685298385078915,synthetic,3.745416080789363,synthetic,False,0.3370530328306314,0.40641118769348256,0.06935815486285113,0.09353389908242789,0.21808271366718038,0.3101505177479322,synthetic,False,4.278964681093091,3.833016327548214,2.5072685570620528,8,synthetic,False,1.4616732730390574,35.932931293232095,6.550974132761922,101.17272006740262,24.421052569224972,503.3838137738748,4.205786651549787,synthetic,False,0.3497180907605547,0.3880691473483537,0.03835105658779897,0.0832596053563765,0.20504959459185837,0.3390739585620263,synthetic,False,4.314122994610885,4.552338885009872,2.0964038605067294,8,synthetic,False,3.459046058177736,46.32400956182598,4.357804514858765,145.89166224493766,32.338117804019525,350.71176971669274,0.4603705707604244,0.03515831351779486,0.7193225574616582,0.4108646965553233,-0.012665057929923285,0.018342040345128874,0.03100709827505216,0.01027429372605139,0.013033119075322008,-0.028923440814094148
2025020,2025-04-20T09:00:00,2025,TEAM_05,TEAM_02,7,6,2025-04-20T06:00:00,1.0403995606040513,synthetic,3.8434482817328313,synthetic,False,0.3347358349399257,0.3890415464511153,0.054305711511189625,0.09277676218675059,0.1907310508228277,0.31933573297491913,synthetic,False,3.692294585556116,4.178764108986217,2.4383904361954505,9,synthetic,False,3.5694097907482054,62.810564823837595,6.169876559276754,151.05868597450907,22.079288532647954,551.96570101801,4.132544112882476,synthetic,False,0.33108478810791736,0.361183250077263,0.030098461969345625,0.09387947872876762,0.2160958487462298,0.3081365368731324,synthetic,False,4.215995867647944,4.457216532160123,2.4857933252846682,6,synthetic,False,2.5292844082755375,43.71453249541546,9.016706065288131,126.08575123733542,19.532475703308123,354.02694815198646,0.28909583114964477,0.5237012820918281,0.2784524231739063,-0.04740288908921775,0.0036510468320083422,0.027858296373852343,0.024207249541844,-0.001102716542017032,-0.0253647979234021,0.011199196101786713
2025021,2025-04-21T09:00:00,2025,TEAM_01,TEAM_02,8,6,2025-04-21T06:00:00,1.0208903731971561,synthetic,4.968268237816006,synthetic,False,0.3134729076103636,0.3744786499476846,0.06100574233732098,0.07459949489875888,0.2111612284769014,0.28906968616290685,synthetic,False,4.4839673196651315,4.442940086252301,2.045653991975423,7,synthetic,False,3.146111830892447,46.88230834118179,8.613233331355108,120.67682401694823,28.064456976112,360.539169798523,4.553517659178957,synthetic,False,0.32448417685286013,0.36094573429470034,0.03646155744184021,0.08211099259395709,0.20151676988444767,0.3149208489523318,synthetic,False,4.338373325870971,4.246274725714247,2.489705552416014,8,synthetic,False,3.1374338542273374,74.55513523110102,7.121508606863217,215.98463486842968,24.8623529231839,434.1395013817012,-0.4147505786370491,-0.1455939937941606,-0.19666536053805483,-0.44405156044059124,-0.011011269242496513,0.013532915652984256,0.02454418489548077,-0.00751149769519821,0.009644458592453747,-0.025851162789424953
2025022,2025-04-22T09:00:00,2025,TEAM_02,TEAM_04,5,6,2025-04-22T06:00:00,0.9753236211365778,synthetic,4.418103409945137,synthetic,False,0.3355671984711762,0.3773046871234023,0.041737488652226096,0.08342291231666121,0.1980920276658354,0.288684643789278,synthetic,False,4.574624768637596,4.593090472716723,1.9370576775554909,6,synthetic,False,2.336522749820965,19.688233267499715,6.103557080534855,120.40139697623738,28.733335163082426,456.6097391293985,4.039452074497428,synthetic,False,0.3257513969336267,0.4031279279830278,0.07737653104940112,0.08294364321533652,0.19356428420383184,0.3376989328440121,synthetic,False,3.8005727563749354,3.744063900890606,2.7365835102936664,6,synthetic,False,3.57666536997813,43.62900905638874,9.053615397730294,67.4000284560811,30.315437590226775,428.28398725037727,-0.37865133544770924,-0.7740520122626608,-0.849026571826117,-0.7995258327381756,0.009815801537549518,-0.025823240859625507,-0.035639042397175025,0.00047926910132468914,0.004527743462003547,-0.049014289054734095
2025023,2025-04-23T09:00:00,2025,TEAM_03,TEAM_01,2,1,2025-04-23T06:00:00,1.0254244262059464,synthetic,3.7305488628905072,synthetic,False,0.3178794583381704,0.39516851106291245,0.07728905272474207,0.08914054849105238,0.18858469267141764,0.30499772915626455,synthetic,False,4.004725158132946,4.146867509920707,1.9413847507442044,6,synthetic,False,1.7781647035924462,44.38006137960009,5.138811320493019,118.41009119087525,31.292764080709077,317.36651969398673,4.692195187645049,synthetic,False,0.3208475673375077,0.35347116897345143,0.032623601635943744,0.0751579818548495,0.2269619497716777,0.29040551547578075,synthetic,False,4.613449480257113,5.26657325882195,1.887146604127049,6,synthetic,False,3.0796905305975306,48.1271922215366,9.541765642004949,105.00128832618442,26.2060303339081,410.3863240296522,0.9616463247545415,0.6087243221241669,1.119705748901243,0.054238146617155314,-0.0029681089993373044,0.04169734208946102,0.044665451088798325,0.013982566636202884,-0.03837725710026005,0.014592213680483801
2025024,2025-04-24T09:00:00,2025,TEAM_04,TEAM_03,4,7,2025-04-24T06:00:00,1.0218087169990442,synthetic,3.9805720562077167,synthetic,False,0.31903074926367053,0.418748730858649,0.09971798159497847,0.10160455848478639,0.2130220076345929,0.2995389311236608,synthetic,False,4.386746191806617,4.189879983560906,1.976763864649743,6,synthetic,False,2.00802119227002,28.36677954676238,7.37450663206265,141.08314392369994,18.736212266189263,381.3341784789711,4.5727637912736885,synthetic,False,0.3142471161977863,0.4006557013689692,0.08640858517118294,0.08209161543070605,0.2115495251181994,0.32272823443099424,synthetic,False,4.524331876800717,4.659448618444758,2.004521939977613,6,synthetic,False,3.713659706741299,29.356910165842883,8.019083531143076,130.00563179691403,28.425612794347906,440.2717507045143,0.5921917350659718,0.1375856849940993,0.4695686348838519,-0.027758075327870113,0.004783633065884252,0.01809302948967978,0.013309396423795528,0.019512943054080342,0.0014724825163934807,-0.02318930330733343
2025025,2025-04-25T09:00:00,2025,TEAM_05,TEAM_02,7,4,2025-04-25T06:00:00,0.9860707368236725,synthetic,3.6020336817052967,synthetic,False,0.3508937684095782,0.4081948071846184,0.057301038775040225,0.08296901383593824,0.20859355617204925,0.32653556800128675,synthetic,False,3.7174073475847234,4.039701210097358,3.2032905130701073,6,synthetic,False,2.2625702458938255,44.719179243157065,5.315635345826084,132.24610538621545,34.05955238733745,378.2153379479717,4.560639989328883,synthetic,False,0.29030564613961446,0.37229927439127286,0.0819936282516584,0.07992174628444278,0.19917802877107538,0.2947153151806898,synthetic,False,4.740362617407133,4.525814711431661,2.0568421375632786,7,synthetic,False,0.6831841282349236,24.888216958768623,9.422186972240432,56.591529946720875,22.16842325192147,385.0209957782677,0.9586063076235862,1.0229552698224094,0.48611350133430253,1.1464483755068287,0.06058812226996374,0.035895532793345564,-0.024692589476618176,0.0030472675514954667,0.009415527400973872,0.03182025282059697
2025026,2025-04-26T09:00:00,2025,TEAM_01,TEAM_02,2,6,2025-04-26T06:00:00,0.9959569749239688,synthetic,5.115263835192354,synthetic,False,0.3031948417949888,0.3791637964672121,0.07596895467222331,0.07044673652446191,0.22587909398146988,0.2813599894169316,synthetic,False,4.588466588632254,4.520023515670556,2.0732032539160645,7,synthetic,False,3.153953505995324,33.67209786137492,8.740744787862717,135.70888392313458,25.695384726460325,381.8963265725538,4.492431422814275,synthetic,False,0.32330253743033704,0.41011238474916895,0.0868098473188319,0.0874365225307891,0.22071187939779008,0.30398500915836385,synthetic,False,5.24212804871507,4.820585466868746,2.381204522296496,7,synthetic,False,1.591034022411747,35.8975738172999,6.487661466615332,142.0760332938064,25.129127188894007,425.3667569105727,-0.6228324123780791,0.6536614600828159,0.3005619511981896,-0.3080012683804316,-0.020107695635348255,-0.030948588281956846,-0.01084089264660859,-0.01698978600632718,0.005167214583679802,-0.022625019741432273
2025027,2025-04-27T09:00:00,2025,TEAM_02,TEAM_04,5,6,2025-04-27T06:00:00,1.0016235771887685,synthetic,4.2624013728740975,synthetic,False,0.32915274731653194,0.3869300412563776,0.05777729393984565,0.07216245909022771,0.20524215273310062,0.30994142092915683,synthetic,False,4.511378865504191,4.912590400992362,2.2551718003526418,7,synthetic,False,2.6641368023781538,32.21837298911103,6.977471217917492,122.58872678584336,25.82660374990705,273.5820321667397,3.738704666219759,synthetic,False,0.3327620565308915,0.3919353401456974,0.059173283614805894,0.08671905722693049,0.20685589644965502,0.3179256229282865,synthetic,False,3.760260703237842,3.590185225117076,2.759234321650537,9,synthetic,False,4.287553039486639,55.51405182551584,4.5634724802623055,114.79661557932009,27.28317190540765,428.3193337692694,-0.5236967066543383,-0.7511181622663488,-1.3224051758752857,-0.5040625212978953,-0.0036093092143595906,-0.005005298889319831,-0.0013959896749602407,-0.014556598136702778,-0.0016137437165544,-0.007984201999129692
2025028,2025-04-28T09:00:00,2025,TEAM_03,TEAM_01,7,3,2025-04-28T06:00:00,0.99816303346024,synthetic,4.267690392337316,synthetic,False,0.3332567095330366,0.37049707300096973,0.037240363467933135,0.08292905879654262,0.1725541878391199,0.2957258168856558,synthetic,False,4.094634508105557,4.216454787460135,2.399683645069796,7,synthetic,False,0.3407861224223887,46.4481275088281,5.643351738421945,137.05635773490596,19.590743761356674,417.2504903898205,4.670714267911778,synthetic,False,0.3136310188495033,0.36324455099772424,0.04961353214822095,0.07706901494987127,0.19456473223146906,0.28428408162498575,synthetic,False,4.320698009134743,4.675639571317724,1.8075256158402648,6,synthetic,False,3.2252119305794658,38.53246529261306,5.569974550440979,113.37901491737482,27.129299181582763,439.3663539118438,0.40302387557446195,0.22606350102918604,0.4591847838575891,0.592158029229531,0.019625690683533314,0.0072525220032454984,-0.012373168680287816,0.005860043846671353,-0.022010544392349146,0.01144173526067005
2025029,2025-04-29T09:00:00,2025,TEAM_04,TEAM_03,7,3,2025-04-29T06:00:00,1.0034150570753175,synthetic,3.9693147051094395,synthetic,False,0.33196577040799186,0.3879888733722043,0.05602310296421242,0.07890445694193454,0.1948699852913638,0.31166049621661174,synthetic,False,3.76157439682055,3.5556876616066777,2.215872483770064,9,synthetic,False,3.201091837414294,28.537931366706005,6.979542738873758,64.3944774745114,23.52830024908653,444.9236425526759,4.380982609091949,synthetic,False,0.31786952918308686,0.40393338748949537,0.0860638583064085,0.07590584847091918,0.1900284664102745,0.3169080478345717,synthetic,False,4.427415466409469,4.984892429997137,2.3378972840397965,8,synthetic,False,0.4048162534777915,10.640847103304331,7.758819073791738,110.90005724329359,20.47082408923941,419.9149435622538,0.4116679039825093,0.665841069588919,1.4292047683904592,-0.12202480026973239,0.014096241224904993,-0.015944514117291086,-0.03004075534219608,0.0029986084710153654,0.004841518881089302,-0.005247551617959978
2025030,2025-04-30T09:00:00,2025,TEAM_05,TEAM_02,2,1,2025-04-30T06:00:00,1.0485216734795466,synthetic,3.893950423133628,synthetic,False,0.33947994029548817,0.406923970093468,0.06744402979797981,0.0977858731174831,0.18525870943950276,0.34093160953972745,synthetic,False,4.51361186331654,4.051340117358358,2.8675287921917794,8,synthetic,False,3.392507411672607,17.319104335937222,10.306940769535009,111.43220603720447,26.535775364196617,319.05595208685503,4.597336565074691,synthetic,False,0.3112862570993245,0.37480305348388254,0.06351679638455804,0.08009540596783532,0.23210015362083022,0.29809568795916397,synthetic,False,4.965565075036397,4.65627960957516,2.0579671100951455,9,synthetic,False,3.7060062915027863,37.73728207466596,6.657325450708601,152.3363787736139,23.308504523416754,412.1683724163602,0.7033861419410634,0.45195321171985725,0.6049394922168014,0.8095616820966338,0.028193683196163666,0.03212091660958544,0.003927233413421771,0.01769046714964778,-0.04684144418132746,0.042835921580563485
2025031,2025-05-01T09:00:00,2025,TEAM_01,TEAM_02,1,3,2025-05-01T06:00:00,1.0183227139359383,synthetic,4.9519431043839415,synthetic,False,0.32521799167547305,0.345770161548808,0.02055216987333497,0.0800179456921692,0.2016820809075673,0.28582548858344614,synthetic,False,4.633058613604665,5.150274017073378,1.5662076932196336,6,synthetic,False,1.2188360685092263,50.863241439033445,11.627789071313337,164.2362055640066,16.520074004269677,521.5806953552338,4.712192116764101,synthetic,False,0.3023470005447125,0.36754237089921105,0.06519537035449857,0.08837313446897486,0.21560520213121742,0.2672749916548718,synthetic,False,4.142726236903004,4.853759754528668,2.1031533472728365,7,synthetic,False,3.737956769400049,43.294307449141115,6.502124900076108,149.5697338669428,30.873759075432908,513.2529769650213,-0.23975098761984004,-0.4903323767016614,-0.2965142625447097,-0.5369456540532029,0.022870991130760576,-0.021772209350403027,-0.0446432004811636,-0.008355188776805661,-0.013923121223650109,0.018550496928574356
2025032,2025-05-02T09:00:00,2025,TEAM_02,TEAM_04,6,7,2025-05-02T06:00:00,0.9818158064835217,synthetic,4.524348021752612,synthetic,False,0.3186950899976382,0.3687293250562468,0.0500342350586086,0.07452579024164166,0.1975362618941623,0.3173713763720597,synthetic,False,4.399496379516197,4.724508255860851,2.157460831637346,8,synthetic,False,3.679315656432121,39.29685123697934,8.689380422740367,114.4506307065293,32.610679470392384,462.6882503699449,3.5166645486872605,synthetic,False,0.3338152465215385,0.42666601891282985,0.09285077239129136,0.0871126137927198,0.2063725803611408,0.32994991128898915,synthetic,False,4.166469709434787,3.79718198529239,2.1118494543896125,8,synthetic,False,1.974375893598604,60.211567479907075,8.213512580616715,112.56118795985766,28.232305106225937,410.49308141836514,-1.0076834730653514,-0.23302667008141054,-0.9273262705684608,0.045611377247733564,-0.015120156523900308,-0.057936693856583066,-0.04281653733268276,-0.012586823551078138,-0.008836318466978521,-0.012578534916929451
2025033,2025-05-03T09:00:00,2025,TEAM_03,TEAM_01,1,2,2025-05-03T06:00:00,1.0231713978394135,synthetic,4.161294193555314,synthetic,False,0.3218773180539335,0.3564591392571954,0.03458182120326192,0.0794772654625042,0.22381847736476598,0.28843503873812226,synthetic,False,4.346180828646308,3.936744094509514,2.316350829966825,9,synthetic,False,2.4132418651956473,63.91199285446426,8.203861541637314,136.6087641932227,19.321397453477154,485.3142191312318,4.65621902956339,synthetic,False,0.3192309245361091,0.34634494032424995,0.027114015788140877,0.07966229608505948,0.21722403544725158,0.28067044094730487,synthetic,False,4.651491670856034,5.021590817580155,1.795282074087616,8,synthetic,False,4.205483382793965,59.78324586178307,5.978270509903647,139.621773473433,22.286605726494233,326.1486517253257,0.49492483600807624,0.3053108422097255,1.0848467230706413,0.5210687558792089,0.002646393517824419,0.010114198932945462,0.007467805415121043,-0.00018503062255527392,0.006594441917514404,0.007764597790817396
2025034,2025-05-04T09:00:00,2025,TEAM_04,TEAM_03,5,7,2025-05-04T06:00:00,0.9800085644425589,synthetic,3.7792377524795437,synthetic,False,0.3300845339691947,0.40437552195321924,0.07429098798402456,0.09168719287196551,0.19108388187805309,0.3052152328998474,synthetic,False,4.209431402187516,4.199679688308828,2.4790376549260786,7,synthetic,False,4.276594798245696,54.47757532173884,5.11931302366326,137.20881397613255,30.254304519295964,469.4280987489042,4.369787200832618,synthetic,False,0.32863263079247534,0.3836965779010502,0.05506394710857487,0.0813497950245759,0.18222477377798202,0.3178060617995474,synthetic,False,4.334910441678337,4.465118495278267,1.948736892012132,6,synthetic,False,3.2450166893150603,75.87272151393243,7.656900261555823,120.08837510459723,27.545011780428506,567.4252768532754,0.590549448353074,0.12547903949082162,0.26543880696943845,0.5303007629139467,0.001451903176719338,0.020678944052169024,0.019227040875449686,0.010337397847389615,0.008859108100071067,-0.01259082889969998
2025035,2025-05-05T09:00:00,2025,TEAM_05,TEAM_02,7,5,2025-05-05T06:00:00,0.9779143710978091,synthetic,3.3968386781634017,synthetic,False,0.3389040969211806,0.4332518183490441,0.09434772142786346,0.10220594360413243,0.20237770573552047,0.3296142372613867,synthetic,False,3.7158513192441287,4.792458603323482,2.538659225692079,8,synthetic,False,3.9960915692447436,58.4919294779407,12.335611072232892,78.9247760812381,33.29085403739555,420.26016387745955,4.675708060704038,synthetic,False,0.3013222285889553,0.39942547280797536,0.09810324421902006,0.086519100507991,0.2085330795825654,0.28908783880185623,synthetic,False,4.63127817191528,4.3720766446352135,2.030966615912381,7,synthetic,False,0.7472721383097221,56.788135907253874,9.883187228365133,100.25833135732091,27.741015079724093,395.08446440280727,1.2788693825406368,0.9154268526711515,-0.4203819586882682,0.5076926097796979,0.03758186833222532,0.033826345541068725,-0.003755522791156596,0.015686843096141434,-0.006155373847044926,0.04052639845953049
2025036,2025-05-06T09:00:00,2025,TEAM_01,TEAM_02,5,1,2025-05-06T06:00:00,0.9941787320971104,synthetic,5.044580968086648,synthetic,False,0.30996129414875506,0.3973979611153625,0.08743666696660746,0.07887785978876484,0.20188706351579408,0.29457622009174994,synthetic,False,4.996735219108985,5.100780057451107,2.3471802036603755,8,synthetic,False,2.4727466910147125,40.25680269619531,4.918506926168764,113.82870534509445,32.68189728938412,432.8003577845385,4.073102828203403,synthetic,False,0.3022416058833507,0.4029659690574689,0.1007243631741182,0.08125808593846923,0.2012310775315806,0.3171233320931627,synthetic,False,4.401502058775749,4.122942285988934,2.052084118724191,7,synthetic,False,3.967401527738422,43.82642743115704,10.35906394913688,129.95752947033566,30.26616331434538,468.93197845662525,-0.9714781398832448,-0.5952331603332359,-0.9778377714621733,0.29509608493618433,0.0077196882654043675,-0.005568007942106379,-0.013287696207510746,-0.002380226149704387,0.0006559859842134863,-0.02254711200141274
2026001,2026-04-01T09:00:00,2026,TEAM_02,TEAM_03,3,6,2026-04-01T06:00:00,1.017958697172354,synthetic,4.986321713640401,synthetic,False,0.308730630149041,0.3730775375621769,0.06434690741313587,0.08188931525124558,0.21382928904012224,0.29483620380715847,synthetic,False,4.362631838526374,4.750161206956356,1.6954142447686302,6,synthetic,False,1.4994346669698484,15.249827800817584,7.77374664137877,137.12438360260657,28.633490210522883,457.53780302647704,3.6088750741366296,synthetic,False,0.3113898307209253,0.4205233858626461,0.1091335551417208,0.07871674743953778,0.21233009237364026,0.3011344411681697,synthetic,False,4.078265594583539,4.427885458743648,2.5184623463858937,9,synthetic,False,2.736774117316699,35.827363621692264,5.399655760638579,130.30100012226785,19.93640600478705,447.0610781590629,-1.3774466395037717,-0.28436624394283516,-0.3222757482127081,-0.8230481016172635,-0.0026592005718842904,-0.04744584830046922,-0.04478664772858493,0.0031725678117077993,0.001499196666481989,-0.006298237361011205
2026002,2026-04-02T09:00:00,2026,TEAM_03,TEAM_05,6,9,2026-04-02T06:00:00,0.9974805521013503,synthetic,4.126029956632479,synthetic,False,0.30561247372996475,0.3611988448737967,0.05558637114383197,0.09269675713661629,0.19552292703850263,0.29513135237614824,synthetic,False,4.075186975458989,4.3420223335105925,1.9819693796345093,8,synthetic,False,1.7084705453279638,31.143702723537682,5.937617947705988,138.19316662886854,24.839371547523214,401.60710240796095,3.7171448512464877,synthetic,False,0.3379796039176706,0.4039914321677709,0.06601182825010027,0.09422270213342103,0.20501837412269155,0.3246549367837334,synthetic,False,3.773231625122849,3.9482127214671827,2.4517950870506424,6,synthetic,False,3.3691475019668076,50.119073000713946,8.410596876833152,130.7064848104912,26.231016379074767,467.2308918117077,-0.4088851053859912,-0.3019553503361396,-0.3938096120434098,-0.46982570741613316,-0.03236713018770587,-0.04279258729397417,-0.010425457106268299,-0.0015259449968047373,-0.009495447084188924,-0.02952358440758518
2026003,2026-04-03T09:00:00,2026,TEAM_04,TEAM_02,5,1,2026-04-03T06:00:00,0.9950292099255282,synthetic,4.238357964374475,synthetic,False,0.3344846068173232,0.4083827714661844,0.07389816464886118,0.08989252734500928,0.20396408048981007,0.36263412152870694,synthetic,False,3.8460620024374204,4.40547279342069,2.4175614775629755,7,synthetic,False,2.153794735652738,35.19168157500905,10.588898956237346,101.13789845044859,23.629597633168192,295.9380382201524,4.237868717128171,synthetic,False,0.30071600107046653,0.38437248458581474,0.08365648351534821,0.09859818333102387,0.20459985447619372,0.28702305057497784,synthetic,False,4.053310516752441,4.954999882550407,2.559804079166062,8,synthetic,False,2.3179709522100556,32.89094897467551,7.144084888508627,145.4910795890218,24.86289684622172,377.7456472904721,-0.0004892472463042807,0.20724851431502023,0.5495270891297173,-0.14224260160308644,0.033768605746856695,0.024010286880369658,-0.009758318866487037,-0.008705655986014582,-0.0006357739863836476,0.0756110709537291
2026004,2026-04-04T09:00:00,2026,TEAM_05,TEAM_04,1,2,2026-04-04T06:00:00,0.988077899424168,synthetic,3.1938805483397523,synthetic,False,0.3433703160229398,0.37683892131079166,0.03346860528785184,0.08873527127380691,0.2061126225059689,0.33468936058193666,synthetic,False,3.885762070733179,4.126612200545237,3.060923854295655,7,synthetic,False,3.0461410042476746,57.84073243701669,9.000847108807154,108.3766310862464,19.280505441543333,446.5271594381968,4.0029049846328,synthetic,False,0.34310471991138564,0.3801462170491847,0.037041497137799084,0.08276141364433702,0.20651880319569324,0.32805151429255863,synthetic,False,4.012208252786729,3.499983436300105,1.974273125503314,6,synthetic,False,1.6547434481266239,64.62690196576172,11.14975803561423,84.31465257736919,24.35304231293653,418.19668923090296,0.8090244362930479,0.12644618205354963,-0.6266287642451318,1.086650728792341,0.0002655961115541894,-0.003307295738393057,-0.003572891849947246,0.005973857629469892,-0.0004061806897243392,0.006637846289378024
2026005,2026-04-05T09:00:00,2026,TEAM_01,TEAM_02,6,4,2026-04-05T06:00:00,0.9917736581987946,synthetic,5.183643156369602,synthetic,False,0.3068521084728174,0.3739996307613962,0.06714752228857879,0.06973714220932543,0.2109452070708921,0.2961488189721317,synthetic,False,4.275100790418399,4.510598176665504,1.9750283826739863,8,synthetic,False,1.8512503760190824,39.469502828139476,8.102226334201386,152.4704024003146,12.87426657951599,352.61791193028927,4.494546947812922,synthetic,False,0.3168113688403772,0.38026077236548106,0.06344940352510386,0.08340524171675934,0.20534158564407912,0.3132823928975184,synthetic,False,4.338286701003206,4.554074478592575,1.9503976201282855,6,synthetic,False,2.5371932768560446,45.933475423974734,10.620701859748916,112.69044399467428,30.794033280054805,507.3984552448767,-0.6890962085566796,0.06318591058480649,0.04347630192707097,0.024630762545700735,-0.009959260367559786,-0.006261141604084863,0.0036981187634749224,-0.013668099507433903,0.005603621426812977,-0.017133573925386725
2026006,2026-04-06T09:00:00,2026,TEAM_02,TEAM_03,10,6,2026-04-06T06:00:00,0.9897956706002762,synthetic,4.378369522412077,synthetic,False,0.32634239860576836,0.3771581795905993,0.050815780984830916,0.08321173825501922,0.19549731787544197,0.29471043984595835,synthetic,False,4.228127480656191,5.390206388671944,1.9375684013264918,7,synthetic,False,2.8818085486835523,52.25047866983235,7.223905849436933,112.12113419211907,25.15206813751355,311.294637227603,4.125380325362429,synthetic,False,0.3279603307704262,0.41830833820918756,0.09034800743876137,0.0855159943900313,0.17698987549347633,0.32212912728979054,synthetic,False,4.226503641803845,5.358826446587908,2.1067333168574236,8,synthetic,False,3.191106514430557,31.127785201764155,4.7923849609062845,111.20054973974376,26.457632196194307,274.5883373174953,-0.25298919704964806,-0.0016238388523461822,-0.03137994208403594,-0.16916491553093183,-0.0016179321646578315,-0.041150158618588284,-0.03953222645393045,-0.0023042561350120755,0.01850744238196564,-0.02741868744383219
2026007,2026-04-07T09:00:00,2026,TEAM_03,TEAM_05,2,3,2026-04-07T06:00:00,0.941506297107315,synthetic,4.260547155920905,synthetic,False,0.3128533167269144,0.3978540474739594,0.085000730747045,0.07789744541763884,0.22471281162325155,0.3158431912424456,synthetic,False,3.8210604289054206,4.017606005365806,2.8492699754492916,6,synthetic,False,3.1628579201823914,43.28059042676894,5.447203091769613,106.80571120457924,19.940451400093615,319.0967524167346,3.662489697409529,synthetic,False,0.3281682201791204,0.41475197212102055,0.08658375194190016,0.08358906348667343,0.20055659624140104,0.3401320645381069,synthetic,False,3.6878293577592594,4.4123154367777255,3.0807348678982422,7,synthetic,False,1.8443532835748075,43.898293443906674,5.537825683767443,109.17823747492304,24.689478886276856,360.56063344846456,-0.5980574585113763,-0.13323107114616128,0.3947094314119193,-0.23146489244895063,-0.015314903452205986,-0.016897924647061136,-0.0015830211948551498,-0.005691618069034593,0.024156215381850504,-0.024288873295661317
2026008,2026-04-08T09:00:00,2026,TEAM_04,TEAM_02,7,5,2026-04-08T06:00:00,1.0197518887368058,synthetic,3.554222990219032,synthetic,False,0.33847493896671843,0.36822702642376093,0.029752087457042498,0.07999126292248017,0.22249078285479496,0.3317924400510069,synthetic,False,3.8708759875379366,4.272366103207693,2.7287578389343845,6,synthetic,False,2.36894032010051,17.108363687705726,12.392635717820646,72.5588668155164,20.760798905650898,336.95493588688714,4.030935066517594,synthetic,False,0.33132593909756547,0.4166040622195029,0.08527812312193744,0.0789455052841243,0.19315492223786707,0.2927708840757398,synthetic,False,3.9107686253184943,4.554561948517265,1.9746111620919566,6,synthetic,False,2.8213752539762287,49.32277028504778,8.146166515875802,112.2001289689769,20.49189085212869,464.9374823355037,0.4767120762985617,0.03989263778055774,0.2821958453095723,0.7541466768424279,0.007148999869152961,-0.048377035795741985,-0.055526035664894946,0.0010457576383558626,0.02933586061692789,0.039021555975267075
2026009,2026-04-09T09:00:00,2026,TEAM_05,TEAM_04,5,3,2026-04-09T06:00:00,1.03273814091286,synthetic,3.151906620666808,synthetic,False,0.325057777925424,0.3954002670626705,0.0703424891372465,0.085062407550256,0.2060630213117132,0.34115081544375286,synthetic,False,3.8978274189969797,4.304714397824859,2.7725948745620106,8,synthetic,False,3.0697273397350484,44.0896154150035,10.460906067861371,125.5706073777365,24.47829697541039,352.16325559167626,4.046847128532716,synthetic,False,0.3445705054184247,0.3960894267741983,0.05151892135577357,0.09604749374267903,0.17735981961634106,0.3126220787862971,synthetic,False,4.016136656298022,4.145966780763447,3.245158311394562,7,synthetic,False,2.533807367311239,36.47630765432907,7.55192422686701,59.912774105699285,22.200660373275426,488.7429977084053,0.8949405078659076,0.11830923730104193,-0.15874761706141172,-0.47256343683255153,-0.019512727493000703,-0.0006891597115277759,0.018823567781472927,-0.010985086192423027,0.028703201695372133,0.028528736657455755
2026010,2026-04-10T09:00:00,2026,TEAM_01,TEAM_02,1,4,2026-04-10T06:00:00,1.015047391215161,synthetic,5.125271232266512,synthetic,False,0.3157699047216114,0.352807887987304,0.037037983265692576,0.07716317360930207,0.20335020046110047,0.2757472383050071,synthetic,False,4.44130672024284,4.514454229092049,1.6795837027945766,6,synthetic,False,2.819402669753906,46.75352929429499,10.901585516856633,101.28151058100421,27.480502948116353,438.4534434456101,4.378925482884851,synthetic,False,0.32524333588749677,0.38695412536331286,0.0617107894758161,0.08376446657118525,0.20593232353942645,0.28591715109935234,synthetic,False,4.380617472861366,4.1612861354210295,1.9833977428294935,6,synthetic,False,1.476028237570566,50.03878346700263,9.89325573797402,93.85006459779635,27.417207178723185,337.44166453527174,-0.7463457493816614,-0.06068924738147352,-0.35316809367101953,-0.30381404003491697,-0.009473431165885338,-0.03414623737600886,-0.02467280621012352,-0.006601292961883179,-0.0025821230783259763,-0.01016991279434526
2026011,2026-04-11T09:00:00,2026,TEAM_02,TEAM_03,4,8,2026-04-11T06:00:00,0.9957767710918816,synthetic,4.259939311324191,synthetic,False,0.32791660413706647,0.36857702607408044,0.04066042193701397,0.07790237774243103,0.19396033685185804,0.3010264975915163,synthetic,False,4.5333011275738375,4.953326440779164,2.841649499924327,7,synthetic,False,2.2924722352829843,37.91156105908689,8.439393438970706,96.02140540680377,31.831441532662435,442.1200391382688,4.221808495040389,synthetic,False,0.3318695366777082,0.4160109379006431,0.0841414012229349,0.08602573211312503,0.20364351554954338,0.3055062822346279,synthetic,False,4.627179905830644,4.738642645596897,2.351555934597706,8,synthetic,False,2.795380915938799,48.78900711367972,4.786800298121772,74.18297715815163,21.56304988998773,342.6446167741493,-0.03813081628380122,0.09387877825680668,-0.21468379518226666,0.49009356532662096,-0.003952932540641718,-0.04743391182656265,-0.04348097928592093,-0.008123354370694003,-0.00968317869768534,-0.004479784643111606
2026012,2026-04-12T09:00:00,2026,TEAM_03,TEAM_05,1,2,2026-04-12T06:00:00,0.9836981357649301,synthetic,4.204990489402853,synthetic,False,0.3127569658995774,0.376690440347423,0.06393347444784558,0.08852354597046905,0.21213942949812162,0.34078386994875265,synthetic,False,4.068856542953023,4.456581835232844,2.3447206212233085,6,synthetic,False,2.42623761063784,44.47483372042933,7.197663238618901,121.02800427902845,18.7827660153158,342.80271436855367,3.508186133619981,synthetic,False,0.33774732029977567,0.39880859305252003,0.06106127275274437,0.09033791848354139,0.19773217826497044,0.34118744487417557,synthetic,False,4.032353364131131,3.8852758926708826,2.5475199095698238,7,synthetic,False,3.172095723598482,49.01168476179771,9.23163400635964,144.11727433577911,28.94367811440573,407.6186943506665,-0.6968043557828718,-0.036503178821892135,-0.5713059425619611,-0.20279928834651528,-0.024990354400198256,-0.02211815270509704,0.0028722016951012175,-0.0018143725130723432,0.014407251233151175,-0.0004035749254229226
2026013,2026-04-13T09:00:00,2026,TEAM_04,TEAM_02,6,3,2026-04-13T06:00:00,1.0137586275351222,synthetic,3.6740458219648775,synthetic,False,0.3340143139795036,0.40447503442477817,0.07046072044527457,0.08325536100441597,0.2001028492390403,0.31972568415037733,synthetic,False,4.006500306442804,3.384651959538785,2.4828046501454604,7,synthetic,False,4.015914274577268,23.547227223857995,5.850754857590775,41.021930252100645,23.595416669129296,385.3267334405499,4.307206390626408,synthetic,False,0.3288767733948376,0.3884911154020653,0.059614342007227705,0.08226714034560384,0.20455264335752166,0.2857442194551416,synthetic,False,4.726547417026715,4.633084749057453,1.6551253967546344,8,synthetic,False,2.1586855061043173,55.07429787476174,12.05307737908618,123.90992073187375,22.173222424398478,326.1276093786839,0.6331605686615309,0.720047110583911,1.2484327895186675,0.8276792533908259,0.005137540584665978,0.015983919022712845,0.010846378438046866,0.0009882206588121278,-0.0044497941184813705,0.03398146469523572
2026014,2026-04-14T09:00:00,2026,TEAM_05,TEAM_04,8,4,2026-04-14T06:00:00,1.0254294336905052,synthetic,3.7789592497536155,synthetic,False,0.34376279453232866,0.405046089905106,0.061283295372777324,0.09478964392128089,0.19905126045353957,0.3306764886854528,synthetic,False,3.615469039534852,4.567644312831259,2.9427256901349725,9,synthetic,False,3.876470882780929,66.5002199144733,7.559667574253276,139.32190207687051,28.792575908037815,366.79123227694566,4.003194245523015,synthetic,False,0.32411369530127443,0.38604237537438413,0.0619286800731097,0.0949616588592738,0.2126958922884024,0.31376164756559255,synthetic,False,3.8534061244710522,3.903248279774636,2.7497918699396475,6,synthetic,False,1.6000152191896029,48.70740222457524,8.993693621268589,119.26439104091389,31.050318484324638,392.17673728826554,0.22423499576939943,0.23793708493620036,-0.6643960330566232,0.192933820195325,0.019649099231054235,0.01900371453072186,-0.0006453847003323743,-0.00017201493799290368,-0.013644631834862836,0.016914841119860247
2026015,2026-04-15T09:00:00,2026,TEAM_01,TEAM_02,8,4,2026-04-15T06:00:00,0.9943608244732849,synthetic,4.535374274845917,synthetic,False,0.3140977181771506,0.35971631079173316,0.045618592614582565,0.07228330162133002,0.20569076227412014,0.2702718952208642,synthetic,False,5.035718059760184,4.950580139922069,2.0815984862046077,7,synthetic,False,6.0,47.56198146147636,6.738750305867271,166.02086545140023,16.794819163535774,422.0740117285823,5.008439978510701,synthetic,False,0.3166380071564025,0.3418005811963346,0.025162574039932106,0.07942449221353642,0.22645421649150843,0.2876066006994937,synthetic,False,4.564017399080193,4.34640036167062,2.002089918655056,7,synthetic,False,2.961197884053996,64.41113812701845,9.604846025598341,136.136377645383,19.341776199712584,315.4050614504919,0.4730657036647843,-0.47170066067999095,-0.6041797782514493,0.07950856754955193,-0.0025402889792519034,0.017915729595398555,0.02045601857465046,-0.007141190592206401,-0.02076345421738829,-0.017334705478629475
2026016,2026-04-16T09:00:00,2026,TEAM_02,TEAM_03,4,2,2026-04-16T06:00:00,0.948978528733812,synthetic,4.53516212493213,synthetic,False,0.3064240600463731,0.35456327798154047,0.048139217935167344,0.0812352736125931,0.21504380345028865,0.29823119232989076,synthetic,False,4.735379692603439,4.852468702169694,1.9461415739328851,8,synthetic,False,2.0891229116708523,49.55896935968907,8.173247413254686,56.90303844252121,22.071614858662485,505.33806637046166,4.172180213385159,synthetic,False,0.31082991086897016,0.42740478126876674,0.11657487039979658,0.08482634960611142,0.20961200751176087,0.2998139684545005,synthetic,False,4.349881189011284,4.271341586843935,2.9865024955197823,9,synthetic,False,3.6032058696177507,56.150995217738824,8.65257838343642,90.89716089878777,32.38765095870137,351.7650506491188,-0.3629819115469708,-0.38549850359215476,-0.5811271153257591,-1.0403609215868972,-0.004405850822597035,-0.07284150328722627,-0.06843565246462924,-0.0035910759935183223,0.0054317959385277725,-0.0015827761246097194
2026017,2026-04-17T09:00:00,2026,TEAM_03,TEAM_05,8,4,2026-04-17T06:00:00,0.975975091451892,synthetic,4.239121536742872,synthetic,False,0.31690900732805094,0.3491949837166491,0.03228597638859815,0.08824365701768246,0.23044096925260946,0.31012383429375723,synthetic,False,4.597390064645015,4.309938740157015,2.616311877035174,6,synthetic,False,2.2564642811743014,43.54684345159319,8.101229613529073,139.1701659286438,25.334617789943664,405.9936066198442,3.936353052331229,synthetic,False,0.3514952070244289,0.4175933903218496,0.06609818329742073,0.10171465442013758,0.19236265085328297,0.38139436571100427,synthetic,False,4.215743362157345,4.109880405237443,2.3522554219652565,7,synthetic,False,1.9106547477826585,49.700765251208765,8.294468105957984,182.45430850942557,22.65812658350233,482.8688889020413,-0.30276848441164317,-0.38164670248767063,-0.20005833491957148,0.2640564550699174,-0.03458619969637794,-0.06839840660520052,-0.033812206908822584,-0.013470997402455123,0.03807831839932649,-0.07127053141724704
2026018,2026-04-18T09:00:00,2026,TEAM_04,TEAM_02,4,3,2026-04-18T06:00:00,0.9800165883918757,synthetic,4.244172465471175,synthetic,False,0.3444932493131541,0.4077925213562268,0.06329927204307267,0.08942608612325373,0.20371329612053243,0.32323588794122965,synthetic,False,4.010316051940156,4.384274796988425,2.275442507394208,8,synthetic,False,1.847963746347708,46.55411588079123,7.446088327129585,128.67565759195122,28.504065667730554,367.9509305562341,4.8603848471366975,synthetic,False,0.3151228917295253,0.36519831427393284,0.050075422544407555,0.08469431742399472,0.18696187757149912,0.2728760929931305,synthetic,False,4.27236638756927,4.983375479542142,2.5052722590799466,8,synthetic,False,4.111136566359135,37.088714594820026,8.08362553485262,156.69169963038183,23.6660540597824,480.0831640394636,0.6162123816655223,0.2620503356291142,0.5991006825537166,-0.2298297516857386,0.029370357583628826,0.042594207082293944,0.013223849498665119,0.004731768699259009,0.01675141854903331,0.05035979494809917
2026019,2026-04-19T09:00:00,2026,TEAM_05,TEAM_04,4,5,2026-04-19T06:00:00,0.9889157530118218,synthetic,3.6459412157745454,synthetic,False,0.35097969052565553,0.4056859672218911,0.05470627669623557,0.0837725050405256,0.1840075181325582,0.34111214999040157,synthetic,False,3.908649855342635,4.5654407446879945,2.593931034804624,6,synthetic,False,2.3605013644132535,36.947436522172694,5.583081788609473,165.66191417163702,13.303960412521683,474.8394400209452,3.7201514174166896,synthetic,False,0.32809659268548386,0.42746167281012065,0.0993650801246368,0.0839152134467997,0.19283917015165905,0.3166140190478998,synthetic,False,3.9974014402701177,4.304846585034284,2.0578423208392347,6,synthetic,False,1.7343018191182347,63.50134170343231,7.649553578271023,135.9837057948185,24.69289396413481,365.5376727870048,0.0742102016421442,0.0887515849274827,-0.2605941596537109,0.5360887139653894,0.022883097840171673,-0.021775705588229555,-0.04465880342840123,-0.00014270840627410297,-0.008831652019100855,0.02449813094250175
2026020,2026-04-20T09:00:00,2026,TEAM_01,TEAM_02,3,4,2026-04-20T06:00:00,1.014433318544617,synthetic,5.056919862579495,synthetic,False,0.30337639641132613,0.35029490781206807,0.046918511400741936,0.07866148010410139,0.21300324124905815,0.28910747544893317,synthetic,False,4.754902836975804,5.612084181288422,1.2765838111747598,6,synthetic,False,2.637879994489599,43.695200389623324,7.991894618792341,121.11097308208122,25.736939534723057,460.97831573280894,4.29821737678554,synthetic,False,0.3083231366436083,0.427428066147203,0.11910492950359475,0.0775048553373126,0.21020171494952092,0.28413484229034935,synthetic,False,4.096084937281158,4.680763945267998,2.037258117144997,6,synthetic,False,3.645064665771124,50.55215309404918,8.636819049149638,67.09265000985225,35.184475849145066,325.60890167935935,-0.7587024857939548,-0.6588178996946459,-0.931320236020424,-0.760674305970237,-0.004946740232282143,-0.07713315833513495,-0.07218641810285281,0.0011566247667887802,0.002801526299537227,0.004972633158583817
2026021,2026-04-21T09:00:00,2026,TEAM_02,TEAM_03,6,8,2026-04-21T06:00:00,0.9965693324540936,synthetic,4.210604261345654,synthetic,False,0.31931589844819525,0.36452341460839255,0.0452075161601973,0.08197423742903176,0.20600153289097328,0.29606449980830896,synthetic,False,3.960347373356898,5.0326244528446065,2.024559880149329,7,synthetic,False,2.958459576366768,28.699898587288445,2.9896488830519132,134.62102389945656,28.595514989784107,400.0276131491775,3.828587194946798,synthetic,False,0.32588935540889286,0.3586384173703554,0.032749061961462544,0.07883661641987405,0.19599162476195006,0.30372987023512954,synthetic,False,4.460984767722889,4.2730861673470795,2.936407754623374,8,synthetic,False,2.952462497188714,48.423912167597216,6.76059850958245,103.5124783032599,15.067967799914246,487.6555398942669,-0.3820170663988556,0.5006373943659908,-0.759538285497527,-0.911847874474045,-0.00657345696069761,0.0058849972380371485,0.012458454198734759,0.0031376210091577095,0.01000990812902322,-0.0076653704268205836
2026022,2026-04-22T09:00:00,2026,TEAM_03,TEAM_05,5,3,2026-04-22T06:00:00,0.9828598251910434,synthetic,4.356120393433096,synthetic,False,0.3094528992692015,0.3743821360320315,0.06492923676283002,0.07818218282264483,0.22625811138984095,0.28880733722704033,synthetic,False,4.468913882963325,3.629057575602623,2.310296297992754,9,synthetic,False,1.2756177919231118,74.11619580240783,8.125079827965159,136.71930600875584,22.53992525383893,469.1705610383502,3.443478826925037,synthetic,False,0.336566568262925,0.4199980352768547,0.08343146701392967,0.08162601460963821,0.21616433431821178,0.32054412340733657,synthetic,False,3.855597303680969,4.368330473073149,2.433050462791542,9,synthetic,False,1.4380997784001879,47.00476276263742,7.631966603836492,107.6032336038334,20.929654035573602,320.0052797701868,-0.9126415665080585,-0.6133165792823561,0.739272897470526,-0.12275416479878798,-0.027113668993723528,-0.04561589924482318,-0.01850223025109965,-0.0034438317869933815,0.010093777071629173,-0.03173678618029624
2026023,2026-04-23T09:00:00,2026,TEAM_04,TEAM_02,7,6,2026-04-23T06:00:00,0.9894271436044374,synthetic,4.283185056116851,synthetic,False,0.33137674321807264,0.4198607728106847,0.08848402959261203,0.08500048690390383,0.20393731540558388,0.34279673628769475,synthetic,False,4.016130995935916,3.5658321916686573,2.4894539178902755,8,synthetic,False,1.8479712775384407,40.362489894723765,5.76629528015329,160.3159529656652,27.55704673725338,442.5290145010666,4.830291561189394,synthetic,False,0.32936341296899024,0.38677616565045314,0.0574127526814629,0.07326963591777523,0.2006518505657998,0.29958912718450076,synthetic,False,4.219027965997162,4.89463679276903,1.7528462699108216,7,synthetic,False,2.4112557869887725,19.094202628499545,7.393687023860481,70.68345237639727,28.644137466923063,443.3471969525555,0.5471065050725432,0.20289697006124552,1.328804601100373,0.7366076479794539,0.002013330249082401,0.03308460716023154,0.031071276911149137,0.011730850986128596,0.0032854648397840913,0.04320760910319399
2026024,2026-04-24T09:00:00,2026,TEAM_05,TEAM_04,7,3,2026-04-24T06:00:00,1.0074483294242105,synthetic,3.7790596261168563,synthetic,False,0.32542336119054827,0.3916754931337405,0.06625213194319224,0.09339885519245067,0.17110100404702486,0.3370182987721457,synthetic,False,3.8007098037665292,3.562907847758553,2.386679092585821,7,synthetic,False,2.61932742366739,65.40585467010129,7.513469068203245,98.17207304619454,24.765570720863586,314.18227022374515,3.963718431317523,synthetic,False,0.3380985024631527,0.4414455286604707,0.103347026197318,0.08446898405637357,0.19778646511589779,0.32814366748271456,synthetic,False,3.8860603688904463,4.234239795395928,2.513987546671447,8,synthetic,False,3.6863259168730322,33.12832793992356,9.472348095781424,138.69343346287357,25.939850400505268,391.3797519432141,0.1846588052006668,0.08535056512391703,0.6713319476373751,-0.1273084540856262,-0.01267514127260444,-0.049770035526730205,-0.037094894254125765,0.0089298711360771,-0.02668546106887293,0.008874631289431112
2026025,2026-04-25T09:00:00,2026,TEAM_01,TEAM_02,6,5,2026-04-25T06:00:00,0.9824739794003049,synthetic,4.5399386603322025,synthetic,False,0.32845620748621307,0.3769628739183857,0.04850666643217261,0.07452990072695313,0.21915113992117474,0.2950142990411944,synthetic,False,4.754423930319139,4.699181333308842,2.1067916173313233,8,synthetic,False,2.5580802887576715,49.89687188159442,7.958775322984919,123.83189332377553,22.794920420062184,542.032468057187,4.155882415862407,synthetic,False,0.3220763621887975,0.3672356666385742,0.04515930444977673,0.09235728361669582,0.1981582095533139,0.3017285107133086,synthetic,False,4.286184184559917,4.300563677858362,1.7580848021294073,9,synthetic,False,2.121471505242234,8.562146834331443,7.980842708256181,106.49333937855586,18.559716280340734,496.42070522305437,-0.3840562444697957,-0.468239745759222,-0.39861765545048033,0.34870681520191593,0.006379845297415587,0.009727207279811467,0.00334736198239588,-0.017827382889742685,0.020992930367860846,-0.006714211672114168
2026026,2026-04-26T09:00:00,2026,TEAM_02,TEAM_03,5,3,2026-04-26T06:00:00,0.9723354376553031,synthetic,4.89843998581072,synthetic,False,0.3252955053892615,0.3548551383242675,0.02955963293500602,0.07629750468673817,0.2162663024626917,0.3150113440648094,synthetic,False,4.404405467322458,4.580730122542523,1.945393337989013,8,synthetic,False,3.554627793652306,55.9458798141696,7.180774664958655,113.0439176935676,17.30592268739534,335.78162555011033,4.239140583440926,synthetic,False,0.32362117811057767,0.3863486874141921,0.06272750930361443,0.09123552165780437,0.1907521226912527,0.3001417608739568,synthetic,False,4.190954924441837,4.466048837193926,2.779443134178225,8,synthetic,False,3.5085868016131476,47.64213323342009,11.088463558657173,75.53424633208559,25.96136859447159,442.47527267005455,-0.6592994023697942,-0.21345054288062038,-0.11468128534859634,-0.8340497961892122,0.0016743272786838292,-0.03149354908992458,-0.03316787636860841,-0.014938016971066198,0.02551417977143902,0.014869583190852631
2026027,2026-04-27T09:00:00,2026,TEAM_03,TEAM_05,3,6,2026-04-27T06:00:00,1.0077843282280414,synthetic,4.3433560491167915,synthetic,False,0.3355783476812891,0.38990200122030994,0.054323653539020855,0.07388321310961032,0.19339847774600757,0.27228396335230515,synthetic,False,4.39117750080329,4.4074195252293284,2.7228491151604723,7,synthetic,False,1.780925335999955,58.91928956106663,6.144919974186202,100.65798435426935,27.79176325507018,548.5778844431721,4.0046044098324085,synthetic,False,0.3429971149890411,0.4173229418593058,0.07432582687026468,0.09614899359250896,0.1819161958955678,0.3400586929351521,synthetic,False,3.9710370842879956,3.6630742861497656,2.641759711717799,9,synthetic,False,3.1012083271142146,44.88965544010336,1.3539394583574005,127.5456430628606,29.210764761496314,448.44462612538405,-0.338751639284383,-0.42014041651529466,-0.7443452390795628,0.08108940344267346,-0.007418767307752039,-0.02742094063899586,-0.020002173331243822,-0.022265780482898637,0.011482281850439785,-0.06777472958284697
2026028,2026-04-28T09:00:00,2026,TEAM_04,TEAM_02,7,5,2026-04-28T06:00:00,0.9735530933867281,synthetic,3.9725485240540697,synthetic,False,0.3426449189405057,0.4035266739945388,0.06088175505403309,0.08281189347951479,0.1717399510346445,0.3178566513601507,synthetic,False,3.91071977449548,4.426330934058391,2.7703535116845193,7,synthetic,False,3.8880660702621848,38.27653268606942,8.435229653135377,137.68243700059614,33.50800936315596,287.00220202492915,4.321645683125116,synthetic,False,0.32628516105388505,0.4008261366360157,0.07454097558213063,0.0832404290758525,0.20548755002694213,0.2921647364986577,synthetic,False,4.659279592168611,4.94404593633109,2.2690921936532638,7,synthetic,False,3.7805272624119697,73.24734389239123,8.985209918470584,123.3683057966334,25.72962411981046,456.8047417895217,0.3490971590710461,0.7485598176731307,0.5177150022726993,0.5012613180312555,0.01635975788662064,0.002700537358523103,-0.013659220528097538,-0.0004285355963377091,-0.03374759899229762,0.02569191486149297
2026029,2026-04-29T09:00:00,2026,TEAM_05,TEAM_04,5,3,2026-04-29T06:00:00,1.0379881169827296,synthetic,3.913176015017525,synthetic,False,0.32799815272851324,0.4012219883118458,0.07322383558333256,0.0919855595651109,0.22089184255866365,0.3278885631573269,synthetic,False,3.704329253786918,3.6868944651138618,3.207669150283394,8,synthetic,False,1.5972619878514132,86.70061934655283,8.681764146983273,87.71446657048418,25.79041008912614,420.0590924550896,4.086915068853569,synthetic,False,0.3505950200282256,0.4039939302630259,0.053398910234800256,0.08496127018192223,0.21044501330517842,0.29816127579260976,synthetic,False,3.855436825784285,3.79833187640384,2.06046148164988,6,synthetic,False,1.7035548438757282,24.155363716786063,8.126473054749434,84.81854339945491,10.28166848987628,336.7066169057901,0.17373905383604438,0.1511075719973669,0.11143741128997808,1.1472076686335138,-0.022596867299712387,-0.002771941951180079,0.019824925348532307,0.007024289383188664,0.010446829253485224,0.029727287364717137
2026030,2026-04-30T09:00:00,2026,TEAM_01,TEAM_02,5,6,2026-04-30T06:00:00,1.0068868152741945,synthetic,4.578208083399038,synthetic,False,0.31940923463199195,0.3606583132057445,0.04124907857375254,0.07834617164596441,0.20297543653382355,0.28678034039956396,synthetic,False,4.675304337104809,4.612216355585905,1.9191251102128934,6,synthetic,False,3.5918943397005956,49.8294476803428,6.603874531715504,126.51028445809462,25.580887392490183,349.9306797052545,4.469738944125926,synthetic,False,0.31158988245192626,0.3559911909588382,0.04440130850691193,0.07206339601840087,0.20469671175753643,0.3324899216902116,synthetic,False,4.611742664895931,4.3968692263174,2.4357056960958197,8,synthetic,False,3.904330132660478,55.72388819318014,11.205729949877146,97.60293851235119,13.196313071706893,381.5405793735338,-0.10846913927311164,-0.06356167220887787,-0.21534712926850474,-0.5165805858829262,0.007819352180065686,0.004667122246906297,-0.0031522299331593895,0.006282775627563547,-0.0017212752237128759,-0.045709581290647616
2026031,2026-05-01T09:00:00,2026,TEAM_02,TEAM_03,4,2,2026-05-01T06:00:00,0.9798313437138602,synthetic,4.819854800747565,synthetic,False,0.32162057574462505,0.3873804326966384,0.06575985695201336,0.07616262354888345,0.19585527572940756,0.28847479143175414,synthetic,False,4.873528480756121,4.675315537301475,1.9835816519358644,7,synthetic,False,1.8910409789541585,22.469635158341443,4.499159195558983,115.95486429271301,23.035370648398004,498.03694640824716,4.232061462914737,synthetic,False,0.3276531768007798,0.3716238326640199,0.04397065586324006,0.08427382950532016,0.20933201324357728,0.3251077329105389,synthetic,False,4.4290489349281685,4.3671378607185725,2.352396792672383,6,synthetic,False,3.39284711851768,35.162364662573594,3.8748232668627165,130.3191286285742,29.626620315733128,458.1510498855677,-0.587793337832828,-0.4444795458279529,-0.3081776765829023,-0.36881514073651855,-0.006032601056154774,0.01575660003261853,0.021789201088773302,-0.008111205956436704,-0.013476737514169723,-0.036632941478784764
2026032,2026-05-02T09:00:00,2026,TEAM_03,TEAM_05,6,4,2026-05-02T06:00:00,0.9973803336588047,synthetic,4.304483915332259,synthetic,False,0.32926447416198273,0.3749038163648111,0.04563934220282839,0.09165654513515235,0.19440561382542879,0.3221601471282748,synthetic,False,4.10411915530224,4.972748824319583,2.2425972082326933,9,synthetic,False,2.7547922445238386,0.0,5.687052101053236,120.42375486961227,24.21694261720347,433.5326923622815,3.866255047625418,synthetic,False,0.3361846421534608,0.38996221366978845,0.05377757151632767,0.09334910995106628,0.19308051999718634,0.3669857292001538,synthetic,False,3.7709841247945244,3.817879198296423,2.0377887217006165,6,synthetic,False,2.211666096867354,42.94097558962573,5.937715015434442,149.89460079597677,30.066288393598196,411.41840361335943,-0.4382288677068411,-0.33313503050771587,-1.1548696260231606,0.20480848653207673,-0.006920167991478043,-0.015058397304977322,-0.008138229313499279,-0.0016925648159139273,0.0013250938282424463,-0.04482558207187903
2026033,2026-05-03T09:00:00,2026,TEAM_04,TEAM_02,8,5,2026-05-03T06:00:00,0.9787493958071926,synthetic,3.8280555521247868,synthetic,False,0.330320008984832,0.4015440876626631,0.07122407867783109,0.0927192723889672,0.18623687822881707,0.33492956360500636,synthetic,False,3.767334025191713,3.548018689680767,2.6050969879571393,7,synthetic,False,1.1705017616365316,71.55916996608221,6.282298183709285,127.21438002044893,30.27192330339186,340.9765183152946,4.2970291796164535,synthetic,False,0.31959171774600875,0.4244345153583647,0.10484279761235593,0.08360674845711216,0.22827633380756862,0.2833512591971705,synthetic,False,4.771418286297989,4.768803512773082,2.4879260832454704,7,synthetic,False,1.101889658351953,68.61400197883347,7.900010616436511,39.84307003375654,24.297469524840807,464.0460865692205,0.4689736274916667,1.0040842611062755,1.2207848230923148,0.11717090471166891,0.01072829123882324,-0.0228904276957016,-0.03361871893452484,0.009112523931855035,-0.04203945557875155,0.05157830440783584
2026034,2026-05-04T09:00:00,2026,TEAM_05,TEAM_04,8,4,2026-05-04T06:00:00,1.0016795277413495,synthetic,3.18432493561947,synthetic,False,0.338685545969524,0.4095681820112185,0.07088263604169448,0.08930969389362609,0.2117274937597063,0.3365515795962908,synthetic,False,3.597448156215236,4.029607962566323,2.242985214359175,9,synthetic,False,2.6119110162486314,74.69919997899143,8.658539623797623,68.50532042051638,10.447559674403312,469.97901947532847,3.823060224780104,synthetic,False,0.3436126596951037,0.38114707742719406,0.037534417732090375,0.09030127498715115,0.21115408155633433,0.32315367963537744,synthetic,False,3.9181340904483797,4.010870050419127,2.692802903968099,8,synthetic,False,2.585665995488089,58.58394140415179,6.57612962146594,80.8197486306436,35.8848768405659,369.65246975931655,0.6387352891606342,0.32068593423314384,-0.01873791214719578,-0.4498176896089241,-0.00492711372557969,0.028421104584024415,0.033348218309604105,-0.000991581093525068,0.0005734122033719535,0.01339789996091334
2026035,2026-05-05T09:00:00,2026,TEAM_01,TEAM_02,3,2,2026-05-05T06:00:00,0.9989197543275996,synthetic,4.641728580103281,synthetic,False,0.3104256610305099,0.36028427983429284,0.04985861880378295,0.07964891596212484,0.1847101504921522,0.29252871667225777,synthetic,False,5.160219076751963,4.828449090262906,1.5765695975397929,7,synthetic,False,1.9276841336795856,66.51558023213673,6.328372786328234,145.50047959514282,22.747897736634023,381.0535795259542,4.381245953743808,synthetic,False,0.33063845126829305,0.3389826521374579,0.00834420086916482,0.07390601866835342,0.1856323380117222,0.2745972624427346,synthetic,False,4.198124470059637,4.355939982082763,1.9497556760155992,6,synthetic,False,0.5852855190665851,26.7121804197171,9.9008407998204,134.5112301787142,26.93733836086264,339.7916082790664,-0.2604826263594724,-0.9620946066923253,-0.4725091081801427,-0.3731860784758063,-0.020212790237783163,0.021301627696834968,0.04151441793461813,0.005742897293771421,-0.0009221875195699891,0.01793145422952319
2026036,2026-05-06T09:00:00,2026,TEAM_02,TEAM_03,8,6,2026-05-06T06:00:00,1.013074883206183,synthetic,4.6930894983234674,synthetic,False,0.3268236741713532,0.3843510225247,0.057527348353346774,0.07737465881559234,0.20929459798884784,0.3257197905574374,synthetic,False,4.389664367490688,4.569583582776838,1.6413999288989163,7,synthetic,False,3.811748907196157,19.54573607946339,6.212505149467499,105.59980657540318,24.883551389730076,295.3032130295337,4.316680096894651,synthetic,False,0.33166287282513146,0.39415075585032305,0.06248788302519159,0.07977775795425351,0.20603812948944752,0.3401485509803923,synthetic,False,4.025139940107728,4.283591168729971,2.378708613278877,7,synthetic,False,1.4124734240128267,45.88536545062262,4.796408147873381,84.83067783203464,20.794384320256047,381.6767910853237,-0.3764094014288162,-0.3645244273829604,-0.28599241404686726,-0.7373086843799608,-0.004839198653778243,-0.009799733325623061,-0.0049605346718448184,-0.0024030991386611716,0.0032564684994003112,-0.014428760422954934
